1	"William"
2	"James"
3	"Charles"
4	"George"
5	"Frank"
6	"Joseph"
7	"Thomas"
8	"Henry"
9	"Robert"
10	"Edward"
11	"Harry"
12	"Walter"
13	"Arthur"
14	"Fred"
15	"Albert"
16	"Samuel"
17	"David"
18	"Louis"
19	"Joe"
20	"Charlie"
21	"Clarence"
22	"Richard"
23	"Andrew"
24	"Daniel"
25	"Ernest"
26	"Will"
27	"Jesse"
28	"Oscar"
29	"Lewis"
30	"Peter"
31	"Benjamin"
32	"Frederick"
33	"Willie"
34	"Alfred"
35	"Sam"
36	"Roy"
37	"Herbert"
38	"Jacob"
39	"Tom"
40	"Elmer"
41	"Carl"
42	"Lee"
43	"Howard"
44	"Martin"
45	"Michael"
46	"Bert"
47	"Herman"
48	"Jim"
49	"Francis"
50	"Harvey"
51	"Earl"
52	"Eugene"
53	"Ralph"
54	"Ed"
55	"Claude"
56	"Edwin"
57	"Ben"
58	"Charley"
59	"Paul"
60	"Edgar"
61	"Isaac"
62	"Otto"
63	"Luther"
64	"Lawrence"
65	"Ira"
66	"Patrick"
67	"Guy"
68	"Oliver"
69	"Theodore"
70	"Hugh"
71	"Clyde"
72	"Alexander"
73	"August"
74	"Floyd"
75	"Homer"
76	"Jack"
77	"Leonard"
78	"Horace"
79	"Marion"
80	"Philip"
81	"Allen"
82	"Archie"
83	"Stephen"
84	"Chester"
85	"Willis"
86	"Raymond"
87	"Rufus"
88	"Warren"
89	"Jessie"
90	"Milton"
91	"Alex"
92	"Leo"
93	"Julius"
94	"Ray"
95	"Sidney"
96	"Bernard"
97	"Dan"
98	"Jerry"
99	"Calvin"
100	"Perry"
101	"Dave"
102	"Anthony"
103	"Eddie"
104	"Amos"
105	"Dennis"
106	"Clifford"
107	"Leroy"
108	"Wesley"
109	"Alonzo"
110	"Garfield"
111	"Franklin"
112	"Emil"
113	"Leon"
114	"Nathan"
115	"Harold"
116	"Matthew"
117	"Levi"
118	"Moses"
119	"Everett"
120	"Lester"
121	"Winfield"
122	"Adam"
123	"Lloyd"
124	"Mack"
125	"Fredrick"
126	"Jay"
127	"Jess"
128	"Melvin"
129	"Noah"
130	"Aaron"
131	"Alvin"
132	"Norman"
133	"Gilbert"
134	"Elijah"
135	"Victor"
136	"Gus"
137	"Nelson"
138	"Jasper"
139	"Silas"
140	"Christopher"
141	"Jake"
142	"Mike"
143	"Percy"
144	"Adolph"
145	"Maurice"
146	"Cornelius"
147	"Felix"
148	"Reuben"
149	"Wallace"
150	"Claud"
151	"Roscoe"
152	"Sylvester"
153	"Earnest"
154	"Hiram"
155	"Otis"
156	"Simon"
157	"Willard"
158	"Irvin"
159	"Mark"
160	"Jose"
161	"Wilbur"
162	"Abraham"
163	"Virgil"
164	"Clinton"
165	"Elbert"
166	"Leslie"
167	"Marshall"
168	"Owen"
169	"Wiley"
170	"Anton"
171	"Morris"
172	"Manuel"
173	"Phillip"
174	"Augustus"
175	"Emmett"
176	"Eli"
177	"Nicholas"
178	"Wilson"
179	"Alva"
180	"Harley"
181	"Newton"
182	"Timothy"
183	"Marvin"
184	"Ross"
185	"Curtis"
186	"Edmund"
187	"Jeff"
188	"Elias"
189	"Harrison"
190	"Stanley"
191	"Columbus"
192	"Lon"
193	"Ora"
194	"Ollie"
195	"Russell"
196	"Pearl"
197	"Solomon"
198	"Arch"
199	"Asa"
200	"Clayton"
201	"Enoch"
202	"Irving"
203	"Mathew"
204	"Nathaniel"
205	"Scott"
206	"Hubert"
207	"Lemuel"
208	"Andy"
209	"Ellis"
210	"Emanuel"
211	"Joshua"
212	"Millard"
213	"Vernon"
214	"Wade"
215	"Cyrus"
216	"Miles"
217	"Rudolph"
218	"Sherman"
219	"Austin"
220	"Bill"
221	"Chas"
222	"Lonnie"
223	"Monroe"
224	"Byron"
225	"Edd"
226	"Emery"
227	"Grant"
228	"Jerome"
229	"Max"
230	"Mose"
231	"Steve"
232	"Gordon"
233	"Abe"
234	"Pete"
235	"Chris"
236	"Clark"
237	"Gustave"
238	"Orville"
239	"Lorenzo"
240	"Bruce"
241	"Marcus"
242	"Preston"
243	"Bob"
244	"Dock"
245	"Donald"
246	"Jackson"
247	"Cecil"
248	"Barney"
249	"Delbert"
250	"Edmond"
251	"Anderson"
252	"Christian"
253	"Glenn"
254	"Jefferson"
255	"Luke"
256	"Neal"
257	"Burt"
258	"Ike"
259	"Myron"
260	"Tony"
261	"Conrad"
262	"Joel"
263	"Matt"
264	"Riley"
265	"Vincent"
266	"Emory"
267	"Isaiah"
268	"Nick"
269	"Ezra"
270	"Green"
271	"Juan"
272	"Clifton"
273	"Lucius"
274	"Porter"
275	"Arnold"
276	"Bud"
277	"Jeremiah"
278	"Taylor"
279	"Forrest"
280	"Roland"
281	"Spencer"
282	"Burton"
283	"Don"
284	"Emmet"
285	"Gustav"
286	"Louie"
287	"Morgan"
288	"Ned"
289	"Van"
290	"Ambrose"
291	"Chauncey"
292	"Elisha"
293	"Ferdinand"
294	"General"
295	"Julian"
296	"Kenneth"
297	"Mitchell"
298	"Allie"
299	"Josh"
300	"Judson"
301	"Lyman"
302	"Napoleon"
303	"Pedro"
304	"Berry"
305	"Dewitt"
306	"Ervin"
307	"Forest"
308	"Lynn"
309	"Pink"
310	"Ruben"
311	"Sanford"
312	"Ward"
313	"Douglas"
314	"Ole"
315	"Omer"
316	"Ulysses"
317	"Walker"
318	"Wilbert"
319	"Adelbert"
320	"Benjiman"
321	"Ivan"
322	"Jonas"
323	"Major"
324	"Abner"
325	"Archibald"
326	"Caleb"
327	"Clint"
328	"Dudley"
329	"Granville"
330	"King"
331	"Mary"
332	"Merton"
333	"Antonio"
334	"Bennie"
335	"Carroll"
336	"Freeman"
337	"Josiah"
338	"Milo"
339	"Royal"
340	"Dick"
341	"Earle"
342	"Elza"
343	"Emerson"
344	"Fletcher"
345	"Judge"
346	"Laurence"
347	"Neil"
348	"Roger"
349	"Seth"
350	"Glen"
351	"Hugo"
352	"Jimmie"
353	"Johnnie"
354	"Washington"
355	"Elwood"
356	"Gust"
357	"Harmon"
358	"Jordan"
359	"Simeon"
360	"Wayne"
361	"Wilber"
362	"Clem"
363	"Evan"
364	"Frederic"
365	"Irwin"
366	"Junius"
367	"Lafayette"
368	"Loren"
369	"Madison"
370	"Mason"
371	"Orval"
372	"Abram"
373	"Aubrey"
374	"Elliott"
375	"Hans"
376	"Karl"
377	"Minor"
378	"Wash"
379	"Wilfred"
380	"Allan"
381	"Alphonse"
382	"Dallas"
383	"Dee"
384	"Isiah"
385	"Jason"
386	"Johnny"
387	"Lawson"
388	"Lew"
389	"Micheal"
390	"Orin"
391	"Addison"
392	"Cal"
393	"Erastus"
394	"Francisco"
395	"Hardy"
396	"Lucien"
397	"Randolph"
398	"Stewart"
399	"Vern"
400	"Wilmer"
401	"Zack"
402	"Adrian"
403	"Alvah"
404	"Bertram"
405	"Clay"
406	"Ephraim"
407	"Fritz"
408	"Giles"
409	"Grover"
410	"Harris"
411	"Isom"
412	"Jesus"
413	"Johnie"
414	"Jonathan"
415	"Lucian"
416	"Malcolm"
417	"Merritt"
418	"Otho"
419	"Perley"
420	"Rolla"
421	"Sandy"
422	"Tomas"
423	"Wilford"
424	"Adolphus"
425	"Angus"
426	"Arther"
427	"Carlos"
428	"Cary"
429	"Cassius"
430	"Davis"
431	"Hamilton"
432	"Harve"
433	"Israel"
434	"Leander"
435	"Melville"
436	"Merle"
437	"Murray"
438	"Pleasant"
439	"Sterling"
440	"Steven"
441	"Axel"
442	"Boyd"
443	"Bryant"
444	"Clement"
445	"Erwin"
446	"Ezekiel"
447	"Foster"
448	"Frances"
449	"Geo"
450	"Houston"
451	"Issac"
452	"Jules"
453	"Larkin"
454	"Mat"
455	"Morton"
456	"Orlando"
457	"Pierce"
458	"Prince"
459	"Rollie"
460	"Rollin"
461	"Sim"
462	"Stuart"
463	"Wilburn"
464	"Bennett"
465	"Casper"
466	"Christ"
467	"Dell"
468	"Egbert"
469	"Elmo"
470	"Fay"
471	"Gabriel"
472	"Hector"
473	"Horatio"
474	"Lige"
475	"Saul"
476	"Smith"
477	"Squire"
478	"Tobe"
479	"Tommie"
480	"Wyatt"
481	"Alford"
482	"Alma"
483	"Alton"
484	"Andres"
485	"Burl"
486	"Cicero"
487	"Dean"
488	"Dorsey"
489	"Enos"
490	"Howell"
491	"Lou"
492	"Loyd"
493	"Mahlon"
494	"Nat"
495	"Omar"
496	"Oran"
497	"Parker"
498	"Raleigh"
499	"Reginald"
500	"Rubin"
501	"Seymour"
502	"Wm"
503	"Young"
504	"Benjamine"
505	"Carey"
506	"Carlton"
507	"Eldridge"
508	"Elzie"
509	"Garrett"
510	"Isham"
511	"Johnson"
512	"Larry"
513	"Logan"
514	"Merrill"
515	"Mont"
516	"Oren"
517	"Pierre"
518	"Rex"
519	"Rodney"
520	"Ted"
521	"Webster"
522	"West"
523	"Wheeler"
524	"Willam"
525	"Al"
526	"Aloysius"
527	"Alvie"
528	"Anna"
529	"Art"
530	"Augustine"
531	"Bailey"
532	"Benjaman"
533	"Beverly"
534	"Bishop"
535	"Clair"
536	"Cloyd"
537	"Coleman"
538	"Dana"
539	"Duncan"
540	"Dwight"
541	"Emile"
542	"Evert"
543	"Henderson"
544	"Hunter"
545	"Jean"
546	"Lem"
547	"Luis"
548	"Mathias"
549	"Maynard"
550	"Miguel"
551	"Mortimer"
552	"Nels"
553	"Norris"
554	"Pat"
555	"Phil"
556	"Rush"
557	"Santiago"
558	"Sol"
559	"Sydney"
560	"Thaddeus"
561	"Thornton"
562	"Tim"
563	"Travis"
564	"Truman"
565	"Watson"
566	"Webb"
567	"Wellington"
568	"Winfred"
569	"Wylie"
570	"Alec"
571	"Basil"
572	"Baxter"
573	"Bertrand"
574	"Buford"
575	"Burr"
576	"Cleveland"
577	"Colonel"
578	"Dempsey"
579	"Early"
580	"Ellsworth"
581	"Fate"
582	"Finley"
583	"Gabe"
584	"Garland"
585	"Gerald"
586	"Herschel"
587	"Hezekiah"
588	"Justus"
589	"Lindsey"
590	"Marcellus"
591	"Olaf"
592	"Olin"
593	"Pablo"
594	"Rolland"
595	"Turner"
596	"Verne"
597	"Volney"
598	"Williams"
599	"Almon"
600	"Alois"
601	"Alonza"
602	"Anson"
603	"Authur"
604	"Benton"
605	"Billie"
606	"Cornelious"
607	"Darius"
608	"Denis"
609	"Dillard"
610	"Doctor"
611	"Elvin"
612	"Emma"
613	"Eric"
614	"Evans"
615	"Gideon"
616	"Haywood"
617	"Hilliard"
618	"Hosea"
619	"Lincoln"
620	"Lonzo"
621	"Lucious"
622	"Lum"
623	"Malachi"
624	"Newt"
625	"Noel"
626	"Orie"
627	"Palmer"
628	"Pinkney"
629	"Shirley"
630	"Sumner"
631	"Terry"
632	"Urban"
633	"Uriah"
634	"Valentine"
635	"Waldo"
636	"Warner"
637	"Wong"
638	"Zeb"
639	"Abel"
640	"Alden"
641	"Archer"
642	"Avery"
643	"Carson"
644	"Cullen"
645	"Doc"
646	"Eben"
647	"Elige"
648	"Elizabeth"
649	"Elmore"
650	"Ernst"
651	"Finis"
652	"Freddie"
653	"Godfrey"
654	"Guss"
655	"Hamp"
656	"Hermann"
657	"Isadore"
658	"Isreal"
659	"Jones"
660	"June"
661	"Lacy"
662	"Lafe"
663	"Leland"
664	"Llewellyn"
665	"Ludwig"
666	"Manford"
667	"Maxwell"
668	"Minnie"
669	"Obie"
670	"Octave"
671	"Orrin"
672	"Ossie"
673	"Oswald"
674	"Park"
675	"Parley"
676	"Ramon"
677	"Rice"
678	"Stonewall"
679	"Theo"
680	"Tillman"
681	"Addie"
682	"Aron"
683	"Ashley"
684	"Bernhard"
685	"Bertie"
686	"Berton"
687	"Buster"
688	"Butler"
689	"Carleton"
690	"Carrie"
691	"Clara"
692	"Clarance"
693	"Clare"
694	"Crawford"
695	"Danial"
696	"Dayton"
697	"Dolphus"
698	"Elder"
699	"Ephriam"
700	"Fayette"
701	"Felipe"
702	"Fernando"
703	"Flem"
704	"Florence"
705	"Ford"
706	"Harlan"
707	"Hayes"
708	"Henery"
709	"Hoy"
710	"Huston"
711	"Ida"
712	"Ivory"
713	"Jonah"
714	"Justin"
715	"Lenard"
716	"Leopold"
717	"Lionel"
718	"Manley"
719	"Marquis"
720	"Marshal"
721	"Mart"
722	"Odie"
723	"Olen"
724	"Oral"
725	"Orley"
726	"Otha"
727	"Press"
728	"Price"
729	"Quincy"
730	"Randall"
731	"Rich"
732	"Richmond"
733	"Romeo"
734	"Russel"
735	"Rutherford"
736	"Shade"
737	"Shelby"
738	"Solon"
739	"Thurman"
740	"Tilden"
741	"Troy"
742	"Woodson"
743	"Worth"
744	"Aden"
745	"Alcide"
746	"Alf"
747	"Algie"
748	"Arlie"
749	"Bart"
750	"Bedford"
751	"Benito"
752	"Billy"
753	"Bird"
754	"Birt"
755	"Bruno"
756	"Burley"
757	"Chancy"
758	"Claus"
759	"Cliff"
760	"Clovis"
761	"Connie"
762	"Creed"
763	"Delos"
764	"Duke"
765	"Eber"
766	"Eligah"
767	"Elliot"
768	"Elton"
769	"Emmitt"
770	"Gene"
771	"Golden"
772	"Hal"
773	"Hardin"
774	"Harman"
775	"Hervey"
776	"Hollis"
777	"Ivey"
778	"Jennie"
779	"Len"
780	"Lindsay"
781	"Lonie"
782	"Lyle"
783	"Mac"
784	"Mal"
785	"Math"
786	"Miller"
787	"Orson"
788	"Osborne"
789	"Percival"
790	"Pleas"
791	"Ples"
792	"Rafael"
793	"Raoul"
794	"Roderick"
795	"Rose"
796	"Shelton"
797	"Sid"
798	"Theron"
799	"Tobias"
800	"Toney"
801	"Tyler"
802	"Vance"
803	"Vivian"
804	"Walton"
805	"Watt"
806	"Weaver"
807	"Wilton"
808	"Adolf"
809	"Albin"
810	"Albion"
811	"Allison"
812	"Alpha"
813	"Alpheus"
814	"Anastacio"
815	"Andre"
816	"Annie"
817	"Arlington"
818	"Armand"
819	"Asberry"
820	"Asbury"
821	"Asher"
822	"Augustin"
823	"Auther"
824	"Author"
825	"Ballard"
826	"Blas"
827	"Caesar"
828	"Candido"
829	"Cato"
830	"Clarke"
831	"Clemente"
832	"Colin"
833	"Commodore"
834	"Cora"
835	"Coy"
836	"Cruz"
837	"Curt"
838	"Damon"
839	"Davie"
840	"Delmar"
841	"Dexter"
842	"Dora"
843	"Doss"
844	"Drew"
845	"Edson"
846	"Elam"
847	"Elihu"
848	"Eliza"
849	"Elsie"
850	"Erie"
851	"Ernie"
852	"Ethel"
853	"Ferd"
854	"Friend"
855	"Garry"
856	"Gary"
857	"Grace"
858	"Gustaf"
859	"Hallie"
860	"Hampton"
861	"Harrie"
862	"Hattie"
863	"Hence"
864	"Hillard"
865	"Hollie"
866	"Holmes"
867	"Hope"
868	"Hyman"
869	"Ishmael"
870	"Jarrett"
871	"Jessee"
872	"Joeseph"
873	"Junious"
874	"Kirk"
875	"Levy"
876	"Mervin"
877	"Michel"
878	"Milford"
879	"Mitchel"
880	"Nellie"
881	"Noble"
882	"Obed"
883	"Oda"
884	"Orren"
885	"Ottis"
886	"Rafe"
887	"Redden"
888	"Reese"
889	"Rube"
890	"Ruby"
891	"Rupert"
892	"Salomon"
893	"Sammie"
894	"Sanders"
895	"Soloman"
896	"Stacy"
897	"Stanford"
898	"Stanton"
899	"Thad"
900	"Titus"
901	"Tracy"
902	"Vernie"
903	"Wendell"
904	"Wilhelm"
905	"Willian"
906	"Yee"
907	"Zeke"
908	"Ab"
909	"Abbott"
910	"Agustus"
911	"Albertus"
912	"Almer"
913	"Alphonso"
914	"Alvia"
915	"Artie"
916	"Arvid"
917	"Ashby"
918	"Augusta"
919	"Aurthur"
920	"Babe"
921	"Baldwin"
922	"Barnett"
923	"Bartholomew"
924	"Barton"
925	"Bernie"
926	"Blaine"
927	"Boston"
928	"Brad"
929	"Bradford"
930	"Bradley"
931	"Brooks"
932	"Buck"
933	"Budd"
934	"Ceylon"
935	"Chalmers"
936	"Chesley"
937	"Chin"
938	"Cleo"
939	"Crockett"
940	"Cyril"
941	"Daisy"
942	"Denver"
943	"Dow"
944	"Duff"
945	"Edie"
946	"Edith"
947	"Elick"
948	"Elie"
949	"Eliga"
950	"Eliseo"
951	"Elroy"
952	"Ely"
953	"Ennis"
954	"Enrique"
955	"Erasmus"
956	"Esau"
957	"Everette"
958	"Firman"
959	"Fleming"
960	"Flora"
961	"Gardner"
962	"Gee"
963	"Gorge"
964	"Gottlieb"
965	"Gregorio"
966	"Gregory"
967	"Gustavus"
968	"Halsey"
969	"Handy"
970	"Hardie"
971	"Harl"
972	"Hayden"
973	"Hays"
974	"Hermon"
975	"Hershel"
976	"Holly"
977	"Hosteen"
978	"Hoyt"
979	"Hudson"
980	"Huey"
981	"Humphrey"
982	"Hunt"
983	"Hyrum"
984	"Irven"
985	"Isam"
986	"Ivy"
987	"Jabez"
988	"Jewel"
989	"Jodie"
990	"Judd"
991	"Julious"
992	"Justice"
993	"Katherine"
994	"Kelly"
995	"Kit"
996	"Knute"
997	"Lavern"
998	"Lawyer"
999	"Layton"
1000	"John"
1001	"William"
1002	"James"
1003	"George"
1004	"Charles"
1005	"Frank"
1006	"Joseph"
1007	"Henry"
1008	"Thomas"
1009	"Edward"
1010	"Robert"
1011	"Harry"
1012	"Walter"
1013	"Arthur"
1014	"Fred"
1015	"Albert"
1016	"Samuel"
1017	"David"
1018	"Louis"
1019	"Charlie"
1020	"Clarence"
1021	"Richard"
1022	"Joe"
1023	"Andrew"
1024	"Ernest"
1025	"Will"
1026	"Jesse"
1027	"Oscar"
1028	"Daniel"
1029	"Willie"
1030	"Benjamin"
1031	"Sam"
1032	"Alfred"
1033	"Roy"
1034	"Lewis"
1035	"Frederick"
1036	"Peter"
1037	"Elmer"
1038	"Jacob"
1039	"Herbert"
1040	"Carl"
1041	"Howard"
1042	"Tom"
1043	"Lee"
1044	"Ralph"
1045	"Martin"
1046	"Jim"
1047	"Earl"
1048	"Eugene"
1049	"Bert"
1050	"Edgar"
1051	"Herman"
1052	"Claude"
1053	"Michael"
1054	"Paul"
1055	"Ben"
1056	"Ira"
1057	"Harvey"
1058	"Chester"
1059	"Edwin"
1060	"Ed"
1061	"Charley"
1062	"Francis"
1063	"Isaac"
1064	"Luther"
1065	"Lawrence"
1066	"Oliver"
1067	"Clyde"
1068	"Otto"
1069	"Hugh"
1070	"Alexander"
1071	"Leonard"
1072	"Jack"
1073	"Raymond"
1074	"Patrick"
1075	"Guy"
1076	"Homer"
1077	"Floyd"
1078	"Theodore"
1079	"Allen"
1080	"August"
1081	"Marion"
1082	"Philip"
1083	"Warren"
1084	"Horace"
1085	"Dan"
1086	"Ray"
1087	"Garfield"
1088	"Stephen"
1089	"Emil"
1090	"Jessie"
1091	"Milton"
1092	"Willis"
1093	"Calvin"
1094	"Dave"
1095	"Bernard"
1096	"Julius"
1097	"Leroy"
1098	"Sidney"
1099	"Anthony"
1100	"Archie"
1101	"Perry"
1102	"Leo"
1103	"Leon"
1104	"Rufus"
1105	"Harold"
1106	"Franklin"
1107	"Adam"
1108	"Alex"
1109	"Alonzo"
1110	"Everett"
1111	"Clifford"
1112	"Victor"
1113	"Eddie"
1114	"Alvin"
1115	"Levi"
1116	"Amos"
1117	"Roscoe"
1118	"Wesley"
1119	"Dennis"
1120	"Eli"
1121	"Jerry"
1122	"Jay"
1123	"Hiram"
1124	"Norman"
1125	"Percy"
1126	"Aaron"
1127	"Gus"
1128	"Mark"
1129	"Willard"
1130	"Moses"
1131	"Earnest"
1132	"Gilbert"
1133	"Jake"
1134	"Leslie"
1135	"Nathan"
1136	"Adolph"
1137	"Nelson"
1138	"Otis"
1139	"Irvin"
1140	"Wallace"
1141	"Clinton"
1142	"Lester"
1143	"Lloyd"
1144	"Morris"
1145	"Abraham"
1146	"Jess"
1147	"Elbert"
1148	"Phillip"
1149	"Jasper"
1150	"Ross"
1151	"Noah"
1152	"Wilbur"
1153	"Claud"
1154	"Cornelius"
1155	"Mack"
1156	"Matthew"
1157	"Lonnie"
1158	"Jose"
1159	"Melvin"
1160	"Stanley"
1161	"Sylvester"
1162	"Wiley"
1163	"Simon"
1164	"Reuben"
1165	"Silas"
1166	"Wilson"
1167	"Curtis"
1168	"Felix"
1169	"Maurice"
1170	"Alva"
1171	"Elijah"
1172	"Christopher"
1173	"Owen"
1174	"Austin"
1175	"Clark"
1176	"Max"
1177	"Asa"
1178	"Emmett"
1179	"Fredrick"
1180	"Russell"
1181	"Virgil"
1182	"Winfield"
1183	"Mose"
1184	"Timothy"
1185	"Rudolph"
1186	"Edmund"
1187	"Harley"
1188	"Harrison"
1189	"Jeff"
1190	"Orville"
1191	"Irving"
1192	"Andy"
1193	"Ellis"
1194	"Lemuel"
1195	"Monroe"
1196	"Anton"
1197	"Joel"
1198	"Manuel"
1199	"Marvin"
1200	"Pete"
1201	"Vernon"
1202	"Marshall"
1203	"Nicholas"
1204	"Ike"
1205	"Mathew"
1206	"Ora"
1207	"Christian"
1208	"Emery"
1209	"Newton"
1210	"Chris"
1211	"Clayton"
1212	"Pearl"
1213	"Wade"
1214	"Augustus"
1215	"Columbus"
1216	"Scott"
1217	"Bob"
1218	"Solomon"
1219	"Emanuel"
1220	"Nathaniel"
1221	"Riley"
1222	"Sherman"
1223	"Glenn"
1224	"Johnnie"
1225	"Juan"
1226	"Marcus"
1227	"Ollie"
1228	"Enoch"
1229	"Ezra"
1230	"Mike"
1231	"Steve"
1232	"Ambrose"
1233	"Arch"
1234	"Dock"
1235	"Hubert"
1236	"Bill"
1237	"Burton"
1238	"Edmond"
1239	"Emory"
1240	"Luke"
1241	"Ole"
1242	"Elias"
1243	"Anderson"
1244	"Barney"
1245	"Byron"
1246	"Cyrus"
1247	"Edd"
1248	"Joshua"
1249	"Major"
1250	"Miles"
1251	"Chas"
1252	"Clifton"
1253	"Gustave"
1254	"Nick"
1255	"Taylor"
1256	"Bud"
1257	"Jerome"
1258	"Lucius"
1259	"Burt"
1260	"Ward"
1261	"Abe"
1262	"Hugo"
1263	"Julian"
1264	"Millard"
1265	"Preston"
1266	"Tony"
1267	"Cecil"
1268	"Seth"
1269	"Bruce"
1270	"Fletcher"
1271	"Jeremiah"
1272	"Grant"
1273	"Green"
1274	"Neal"
1275	"Bennie"
1276	"Conrad"
1277	"Dee"
1278	"Ervin"
1279	"Gordon"
1280	"Grover"
1281	"Isaiah"
1282	"Lorenzo"
1283	"Porter"
1284	"Van"
1285	"Glen"
1286	"Jefferson"
1287	"Louie"
1288	"Abner"
1289	"Abram"
1290	"Dudley"
1291	"Lucian"
1292	"Roland"
1293	"Vincent"
1294	"Wayne"
1295	"Arnold"
1296	"Elisha"
1297	"Elwood"
1298	"Karl"
1299	"Kenneth"
1300	"Mary"
1301	"Matt"
1302	"Myron"
1303	"Pink"
1304	"Roger"
1305	"Wilbert"
1306	"Donald"
1307	"Forrest"
1308	"Irwin"
1309	"Jackson"
1310	"Laurence"
1311	"Madison"
1312	"Sanford"
1313	"Archibald"
1314	"Delbert"
1315	"Lon"
1316	"Stewart"
1317	"Antonio"
1318	"Chauncey"
1319	"Don"
1320	"Noble"
1321	"Otho"
1322	"Spencer"
1323	"Avery"
1324	"Dallas"
1325	"Freeman"
1326	"Jonas"
1327	"Lige"
1328	"Napoleon"
1329	"Walker"
1330	"Zack"
1331	"Boyd"
1332	"Clay"
1333	"Dewitt"
1334	"Emmet"
1335	"Evan"
1336	"General"
1337	"Isiah"
1338	"Josiah"
1339	"Omer"
1340	"Perley"
1341	"Ferdinand"
1342	"Hans"
1343	"Israel"
1344	"Judson"
1345	"Morgan"
1346	"Waldo"
1347	"Berry"
1348	"Carroll"
1349	"Clement"
1350	"Elliott"
1351	"Ezekiel"
1352	"Foster"
1353	"Gust"
1354	"Jason"
1355	"Josh"
1356	"Junius"
1357	"Loren"
1358	"Wilfred"
1359	"Adolphus"
1360	"Allie"
1361	"Benjiman"
1362	"Christ"
1363	"Dwight"
1364	"Earle"
1365	"Francisco"
1366	"Giles"
1367	"Granville"
1368	"Jonathan"
1369	"Lafayette"
1370	"Leander"
1371	"Lyman"
1372	"Lynn"
1373	"Ruben"
1374	"Dick"
1375	"Elvin"
1376	"Emerson"
1377	"Emile"
1378	"Isom"
1379	"Jimmie"
1380	"King"
1381	"Mitchell"
1382	"Orrin"
1383	"Pat"
1384	"Royal"
1385	"Sim"
1386	"Truman"
1387	"Washington"
1388	"Al"
1389	"Carlos"
1390	"Lem"
1391	"Milo"
1392	"Oren"
1393	"Orlando"
1394	"Allan"
1395	"Arther"
1396	"Caleb"
1397	"Cicero"
1398	"Clem"
1399	"Clint"
1400	"Dean"
1401	"Forest"
1402	"Gustav"
1403	"Harmon"
1404	"Ivan"
1405	"Jordan"
1406	"Ned"
1407	"Nels"
1408	"Phil"
1409	"Randolph"
1410	"Smith"
1411	"Tomas"
1412	"Turner"
1413	"Ulysses"
1414	"Vern"
1415	"Wilford"
1416	"Addison"
1417	"Alford"
1418	"Art"
1419	"Benjamine"
1420	"Enos"
1421	"Erwin"
1422	"Gabriel"
1423	"Issac"
1424	"Lucious"
1425	"Malcolm"
1426	"Merton"
1427	"Micheal"
1428	"Prince"
1429	"Simeon"
1430	"Anna"
1431	"Carlton"
1432	"Coleman"
1433	"Douglas"
1434	"Finis"
1435	"Hardy"
1436	"Hosea"
1437	"Jules"
1438	"Rolla"
1439	"Tobe"
1440	"Wash"
1441	"Almon"
1442	"Aubrey"
1443	"Bertram"
1444	"Casper"
1445	"Ellsworth"
1446	"Ephraim"
1447	"Fay"
1448	"Hamilton"
1449	"Harris"
1450	"Henery"
1451	"Lou"
1452	"Mat"
1453	"Rollin"
1454	"Sol"
1455	"Steven"
1456	"Verne"
1457	"West"
1458	"Wm"
1459	"Adelbert"
1460	"Alma"
1461	"Aron"
1462	"Axel"
1463	"Bennett"
1464	"Brown"
1465	"Buck"
1466	"Colonel"
1467	"Elton"
1468	"Elza"
1469	"Gerald"
1470	"Ivy"
1471	"Johnie"
1472	"Judge"
1473	"Lenard"
1474	"Minor"
1475	"Morton"
1476	"Murray"
1477	"Nat"
1478	"Newell"
1479	"Norris"
1480	"Pedro"
1481	"Rollie"
1482	"Sandy"
1483	"Wilber"
1484	"Wilburn"
1485	"Wyatt"
1486	"Davis"
1487	"Dell"
1488	"Doc"
1489	"Fate"
1490	"Frederic"
1491	"Harlan"
1492	"Harve"
1493	"Henderson"
1494	"Johnny"
1495	"Logan"
1496	"Mason"
1497	"Merle"
1498	"Merritt"
1499	"Noel"
1500	"Valentine"
1501	"Wellington"
1502	"Abel"
1503	"Adrian"
1504	"Alphonse"
1505	"Carter"
1506	"Cary"
1507	"Cleveland"
1508	"Crawford"
1509	"Curt"
1510	"Duncan"
1511	"Early"
1512	"Ernst"
1513	"Frances"
1514	"Gene"
1515	"Hal"
1516	"Hamp"
1517	"Hezekiah"
1518	"Lawson"
1519	"Luis"
1520	"Mathias"
1521	"Olin"
1522	"Parker"
1523	"Pleasant"
1524	"Reginald"
1525	"Rich"
1526	"Seymour"
1527	"Solon"
1528	"Stuart"
1529	"Thaddeus"
1530	"Tim"
1531	"Winfred"
1532	"Alton"
1533	"Asbury"
1534	"Bart"
1535	"Benton"
1536	"Beverly"
1537	"Birt"
1538	"Burl"
1539	"Chin"
1540	"Elihu"
1541	"Erastus"
1542	"Ford"
1543	"Hampton"
1544	"Houston"
1545	"Johnson"
1546	"Len"
1547	"Lonzo"
1548	"Loyd"
1549	"Lucas"
1550	"Lucien"
1551	"Miller"
1552	"Mortimer"
1553	"Omar"
1554	"Orval"
1555	"Pierre"
1556	"Raleigh"
1557	"Ransom"
1558	"Rush"
1559	"Shelby"
1560	"Tommie"
1561	"Wilmer"
1562	"Alonza"
1563	"Artie"
1564	"Bee"
1565	"Benjaman"
1566	"Bradley"
1567	"Cal"
1568	"Cloyd"
1569	"Danial"
1570	"Dexter"
1571	"Emmitt"
1572	"Finley"
1573	"Guss"
1574	"June"
1575	"Lacy"
1576	"Larkin"
1577	"Meyer"
1578	"Mont"
1579	"Newt"
1580	"Paris"
1581	"Pleas"
1582	"Rupert"
1583	"Russel"
1584	"Santiago"
1585	"Sid"
1586	"Soloman"
1587	"Thornton"
1588	"Walton"
1589	"Warner"
1590	"Watson"
1591	"Willam"
1592	"Wylie"
1593	"Zeb"
1594	"Allison"
1595	"Alpha"
1596	"Angus"
1597	"Anson"
1598	"Asberry"
1599	"Basil"
1600	"Bertie"
1601	"Berton"
1602	"Bryant"
1603	"Buford"
1604	"Byrd"
1605	"Cassius"
1606	"Clair"
1607	"Cornelious"
1608	"Dana"
1609	"Deforest"
1610	"Denis"
1611	"Dillard"
1612	"Dolph"
1613	"Dorsey"
1614	"Edith"
1615	"Eldridge"
1616	"Elmo"
1617	"Emma"
1618	"Eric"
1619	"Freddie"
1620	"Geo"
1621	"Godfrey"
1622	"Harper"
1623	"Haywood"
1624	"Jean"
1625	"Jule"
1626	"Lambert"
1627	"Leland"
1628	"Lew"
1629	"Margaret"
1630	"Marshal"
1631	"Miguel"
1632	"Milford"
1633	"Ocie"
1634	"Olen"
1635	"Orange"
1636	"Orin"
1637	"Ottis"
1638	"Park"
1639	"Pinkney"
1640	"Ples"
1641	"Press"
1642	"Rafael"
1643	"Ramon"
1644	"Randall"
1645	"Reece"
1646	"Roe"
1647	"Rube"
1648	"Thad"
1649	"Vivian"
1650	"Willian"
1651	"Young"
1652	"Aloysius"
1653	"Ambers"
1654	"Archer"
1655	"Bailey"
1656	"Bartholomew"
1657	"Bessie"
1658	"Billie"
1659	"Bishop"
1660	"Carey"
1661	"Collins"
1662	"Connie"
1663	"Drew"
1664	"Elbridge"
1665	"Eldon"
1666	"Elvis"
1667	"Ely"
1668	"Fritz"
1669	"Gaston"
1670	"Guadalupe"
1671	"Hartwell"
1672	"Herschel"
1673	"Isadore"
1674	"Jesus"
1675	"Kelly"
1676	"Knox"
1677	"Larry"
1678	"Lindsay"
1679	"Llewellyn"
1680	"Lue"
1681	"Manning"
1682	"Marcellus"
1683	"Mervin"
1684	"Minnie"
1685	"Odie"
1686	"Ola"
1687	"Palmer"
1688	"Reed"
1689	"Reese"
1690	"Sampson"
1691	"Samual"
1692	"Sanders"
1693	"Squire"
1694	"Sterling"
1695	"Sumner"
1696	"Theo"
1697	"Thos"
1698	"Todd"
1699	"Tommy"
1700	"Unknown"
1701	"Watt"
1702	"Wendell"
1703	"Wirt"
1704	"Wong"
1705	"Woodie"
1706	"Addie"
1707	"Albion"
1708	"Alec"
1709	"Alice"
1710	"Alphonso"
1711	"Alvis"
1712	"Ammon"
1713	"Auther"
1714	"Ballard"
1715	"Barton"
1716	"Boss"
1717	"Burley"
1718	"Cas"
1719	"Cass"
1720	"Chalmer"
1721	"Chesley"
1722	"Cora"
1723	"Coy"
1724	"Denton"
1725	"Doss"
1726	"Edson"
1727	"Egbert"
1728	"Elder"
1729	"Elie"
1730	"Elsworth"
1731	"Elzie"
1732	"Erving"
1733	"Evans"
1734	"Evert"
1735	"Florence"
1736	"Fredric"
1737	"Furman"
1738	"Garland"
1739	"Garrett"
1740	"Gideon"
1741	"Halsey"
1742	"Handy"
1743	"Helen"
1744	"Horatio"
1745	"Hyrum"
1746	"Isham"
1747	"Justin"
1748	"Leopold"
1749	"Levy"
1750	"Lindsey"
1751	"Lum"
1752	"Mac"
1753	"Mahlon"
1754	"Mart"
1755	"Merrill"
1756	"Nellie"
1757	"Oda"
1758	"Olaf"
1759	"Oran"
1760	"Orson"
1761	"Pearlie"
1762	"Percival"
1763	"Pierce"
1764	"Plummer"
1765	"Presley"
1766	"Price"
1767	"Quincy"
1768	"Rex"
1769	"Rollo"
1770	"Roswell"
1771	"Ruffus"
1772	"Sheldon"
1773	"Shirley"
1774	"Ted"
1775	"Tilman"
1776	"Vance"
1777	"Williams"
1778	"Worth"
1779	"York"
1780	"Acie"
1781	"Alden"
1782	"Alfonso"
1783	"Alois"
1784	"Alvah"
1785	"Alvie"
1786	"Andres"
1787	"Asher"
1788	"Ashley"
1789	"Ashton"
1790	"Augustine"
1791	"Baxter"
1792	"Bernhard"
1793	"Bertrand"
1794	"Billy"
1795	"Bird"
1796	"Blaine"
1797	"Bruno"
1798	"Burke"
1799	"Cap"
1800	"Carrie"
1801	"Carson"
1802	"Casimiro"
1803	"Collie"
1804	"Curley"
1805	"Dale"
1806	"Dixon"
1807	"Dominick"
1808	"Ennis"
1809	"Erasmus"
1810	"Ferd"
1811	"Garret"
1812	"Gary"
1813	"Gee"
1814	"Gerrit"
1815	"Gregory"
1816	"Griffin"
1817	"Hall"
1818	"Heber"
1819	"Hector"
1820	"Hermann"
1821	"Hosteen"
1822	"Howell"
1823	"Huey"
1824	"Humphrey"
1825	"Hunter"
1826	"Hurley"
1827	"Isidore"
1828	"Ivey"
1829	"Jones"
1830	"Lafe"
1831	"Lonie"
1832	"Lorenza"
1833	"Lyle"
1834	"Marian"
1835	"Maud"
1836	"Maude"
1837	"Melville"
1838	"Murphy"
1839	"Neil"
1840	"Obe"
1841	"Obie"
1842	"Orla"
1843	"Orlo"
1844	"Orrie"
1845	"Oswald"
1846	"Otha"
1847	"Richmond"
1848	"Rodney"
1849	"Rutherford"
1850	"Sebastian"
1851	"Stanton"
1852	"Starling"
1853	"Stonewall"
1854	"Sydney"
1855	"Thurman"
1856	"Tolbert"
1857	"Toney"
1858	"Troy"
1859	"Uriah"
1860	"Vernie"
1861	"Weaver"
1862	"Webb"
1863	"Whit"
1864	"Yee"
1865	"Adrien"
1866	"Albin"
1867	"Alf"
1868	"Alto"
1869	"Angelo"
1870	"Annie"
1871	"Antone"
1872	"Arden"
1873	"Arlington"
1874	"Atticus"
1875	"Augustin"
1876	"Author"
1877	"Authur"
1878	"Bedford"
1879	"Belton"
1880	"Bertha"
1881	"Blair"
1882	"Burrell"
1883	"Buster"
1884	"Caesar"
1885	"Callie"
1886	"Campbell"
1887	"Champ"
1888	"Clara"
1889	"Clarance"
1890	"Clarke"
1891	"Cliff"
1892	"Coley"
1893	"Colin"
1894	"Conway"
1895	"Craig"
1896	"Dalton"
1897	"Darrell"
1898	"Darwin"
1899	"Delmar"
1900	"Dennie"
1901	"Dolphus"
1902	"Duke"
1903	"Ebb"
1904	"Ebbie"
1905	"Eber"
1906	"Edna"
1907	"Ellison"
1908	"Elmore"
1909	"Elonzo"
1910	"Emit"
1911	"Emry"
1912	"Ephram"
1913	"Esequiel"
1914	"Essie"
1915	"Esta"
1916	"Ethel"
1917	"Evertt"
1918	"Fayette"
1919	"Flem"
1920	"Fleming"
1921	"Gabe"
1922	"Garner"
1923	"Garnett"
1924	"Golden"
1925	"Graham"
1926	"Gregg"
1927	"Gustaf"
1928	"Gustavus"
1929	"Halbert"
1930	"Hardie"
1931	"Hardin"
1932	"Harvie"
1933	"Harvy"
1934	"Hayes"
1935	"Hilliard"
1936	"Hollis"
1937	"Hubbard"
1938	"Hudson"
1939	"Ida"
1940	"Jared"
1941	"Jere"
1942	"Joesph"
1943	"Johnathan"
1944	"Jonah"
1945	"Julious"
1946	"Juluis"
1947	"Justus"
1948	"Kirby"
1949	"Kyle"
1950	"Lane"
1951	"Lawerence"
1952	"Layton"
1953	"Less"
1954	"Lincoln"
1955	"Linwood"
1956	"Louise"
1957	"Lowell"
1958	"Loy"
1959	"Lucy"
1960	"Malachi"
1961	"Manly"
1962	"Mannie"
1963	"Marcel"
1964	"Marius"
1965	"Marrion"
1966	"Math"
1967	"Mercer"
1968	"Monte"
1969	"Montgomery"
1970	"Nolan"
1971	"Okey"
1972	"Orley"
1973	"Page"
1974	"Philo"
1975	"Primus"
1976	"Prosper"
1977	"Pryor"
1978	"Rene"
1979	"Robin"
1980	"Roll"
1981	"Rolland"
1982	"Seward"
1983	"Shannon"
1984	"Talmage"
1985	"Urban"
1986	"Vaughn"
1987	"Verner"
1988	"Waverly"
1989	"Webster"
1990	"Weldon"
1991	"Wells"
1992	"Wiliam"
1993	"Wilton"
1994	"Wing"
1995	"Wood"
1996	"Wright"
1997	"Ab"
1998	"Add"
1999	"Adelard"
2000	"John"
2001	"William"
2002	"James"
2003	"George"
2004	"Charles"
2005	"Frank"
2006	"Joseph"
2007	"Thomas"
2008	"Henry"
2009	"Robert"
2010	"Edward"
2011	"Harry"
2012	"Walter"
2013	"Arthur"
2014	"Fred"
2015	"Albert"
2016	"Samuel"
2017	"Louis"
2018	"David"
2019	"Clarence"
2020	"Charlie"
2021	"Richard"
2022	"Joe"
2023	"Andrew"
2024	"Will"
2025	"Jesse"
2026	"Ernest"
2027	"Oscar"
2028	"Daniel"
2029	"Sam"
2030	"Willie"
2031	"Alfred"
2032	"Roy"
2033	"Benjamin"
2034	"Carl"
2035	"Peter"
2036	"Frederick"
2037	"Elmer"
2038	"Lewis"
2039	"Herbert"
2040	"Lee"
2041	"Howard"
2042	"Ralph"
2043	"Paul"
2044	"Jim"
2045	"Jacob"
2046	"Tom"
2047	"Martin"
2048	"Earl"
2049	"Claude"
2050	"Herman"
2051	"Bert"
2052	"Eugene"
2053	"Ed"
2054	"Ben"
2055	"Francis"
2056	"Michael"
2057	"Edgar"
2058	"Edwin"
2059	"Chester"
2060	"Harvey"
2061	"Clyde"
2062	"Lawrence"
2063	"Luther"
2064	"Isaac"
2065	"Jack"
2066	"Charley"
2067	"Guy"
2068	"Otto"
2069	"Patrick"
2070	"Ira"
2071	"Oliver"
2072	"Hugh"
2073	"August"
2074	"Theodore"
2075	"Floyd"
2076	"Leonard"
2077	"Raymond"
2078	"Alexander"
2079	"Allen"
2080	"Stephen"
2081	"Archie"
2082	"Ray"
2083	"Jessie"
2084	"Homer"
2085	"Warren"
2086	"Philip"
2087	"Horace"
2088	"Alex"
2089	"Eddie"
2090	"Julius"
2091	"Emil"
2092	"Marion"
2093	"Clifford"
2094	"Milton"
2095	"Leroy"
2096	"Dan"
2097	"Rufus"
2098	"Leo"
2099	"Sidney"
2100	"Mack"
2101	"Wesley"
2102	"Bernard"
2103	"Willis"
2104	"Anthony"
2105	"Dave"
2106	"Everett"
2107	"Dennis"
2108	"Amos"
2109	"Lester"
2110	"Alonzo"
2111	"Perry"
2112	"Alvin"
2113	"Leon"
2114	"Harold"
2115	"Percy"
2116	"Calvin"
2117	"Jess"
2118	"Leslie"
2119	"Lloyd"
2120	"Gus"
2121	"Otis"
2122	"Adam"
2123	"Nathan"
2124	"Franklin"
2125	"Elijah"
2126	"Matthew"
2127	"Victor"
2128	"Noah"
2129	"Cornelius"
2130	"Norman"
2131	"Jerry"
2132	"Levi"
2133	"Earnest"
2134	"Hiram"
2135	"Nelson"
2136	"Phillip"
2137	"Wallace"
2138	"Maurice"
2139	"Elbert"
2140	"Emmett"
2141	"Jake"
2142	"Ross"
2143	"Jose"
2144	"Adolph"
2145	"Eli"
2146	"Moses"
2147	"Manuel"
2148	"Silas"
2149	"Wiley"
2150	"Abraham"
2151	"Felix"
2152	"Christopher"
2153	"Claud"
2154	"Mark"
2155	"Mike"
2156	"Gilbert"
2157	"Jasper"
2158	"Ellis"
2159	"Melvin"
2160	"Aaron"
2161	"Alva"
2162	"Marshall"
2163	"Willard"
2164	"Wilson"
2165	"Jeff"
2166	"Morris"
2167	"Roscoe"
2168	"Wilbur"
2169	"Jay"
2170	"Virgil"
2171	"Clinton"
2172	"Lonnie"
2173	"Ollie"
2174	"Simon"
2175	"Mose"
2176	"Fredrick"
2177	"Harrison"
2178	"Monroe"
2179	"Stanley"
2180	"Harley"
2181	"Max"
2182	"Sylvester"
2183	"Reuben"
2184	"Russell"
2185	"Edmund"
2186	"Timothy"
2187	"Curtis"
2188	"Millard"
2189	"Garfield"
2190	"Ike"
2191	"Ora"
2192	"Bruce"
2193	"Byron"
2194	"Irvin"
2195	"Nicholas"
2196	"Augustus"
2197	"Austin"
2198	"Owen"
2199	"Anton"
2200	"Marvin"
2201	"Wade"
2202	"Edd"
2203	"Steve"
2204	"Asa"
2205	"Columbus"
2206	"Bill"
2207	"Irving"
2208	"Newton"
2209	"Clayton"
2210	"Pete"
2211	"Bob"
2212	"Dock"
2213	"Johnnie"
2214	"Anderson"
2215	"Pearl"
2216	"Elias"
2217	"Gustave"
2218	"Nathaniel"
2219	"Grover"
2220	"Arch"
2221	"Clark"
2222	"Joel"
2223	"Riley"
2224	"Cecil"
2225	"Emery"
2226	"Vernon"
2227	"Barney"
2228	"Lon"
2229	"Rudolph"
2230	"Andy"
2231	"Clifton"
2232	"Glenn"
2233	"Solomon"
2234	"Abe"
2235	"Joshua"
2236	"Sherman"
2237	"Christian"
2238	"Hubert"
2239	"Jackson"
2240	"Preston"
2241	"Donald"
2242	"Ferdinand"
2243	"Scott"
2244	"Conrad"
2245	"Enoch"
2246	"Mathew"
2247	"Chas"
2248	"Cyrus"
2249	"Delbert"
2250	"Don"
2251	"Louie"
2252	"Marcus"
2253	"Orville"
2254	"Tony"
2255	"Van"
2256	"Emanuel"
2257	"Ervin"
2258	"Luke"
2259	"Major"
2260	"Miles"
2261	"Gustav"
2262	"Jerome"
2263	"Lemuel"
2264	"Arnold"
2265	"Lucius"
2266	"Ezra"
2267	"Grant"
2268	"Julian"
2269	"Lorenzo"
2270	"Lyman"
2271	"Karl"
2272	"Chris"
2273	"Edmond"
2274	"Juan"
2275	"Winfield"
2276	"Ambrose"
2277	"Burton"
2278	"Emory"
2279	"Forrest"
2280	"Roland"
2281	"Vincent"
2282	"Emile"
2283	"Gordon"
2284	"Isaiah"
2285	"Mitchell"
2286	"Ole"
2287	"Benjiman"
2288	"Cleveland"
2289	"Elisha"
2290	"Loren"
2291	"Neal"
2292	"Nick"
2293	"Clem"
2294	"Foster"
2295	"Jefferson"
2296	"Ruben"
2297	"Al"
2298	"Bennie"
2299	"Bud"
2300	"General"
2301	"Jeremiah"
2302	"Ned"
2303	"Sanford"
2304	"Sim"
2305	"Spencer"
2306	"Abner"
2307	"Carroll"
2308	"Douglas"
2309	"Roger"
2310	"Burt"
2311	"Seth"
2312	"Archibald"
2313	"Elwood"
2314	"Mary"
2315	"Omer"
2316	"Ward"
2317	"Antonio"
2318	"Boyd"
2319	"Freeman"
2320	"Napoleon"
2321	"Wilber"
2322	"Zack"
2323	"Dudley"
2324	"Isiah"
2325	"Leander"
2326	"Pat"
2327	"Pink"
2328	"Porter"
2329	"Vern"
2330	"Walker"
2331	"Allie"
2332	"Berry"
2333	"Dallas"
2334	"Forest"
2335	"Glen"
2336	"Green"
2337	"Hans"
2338	"Henderson"
2339	"Jonathan"
2340	"Lynn"
2341	"Madison"
2342	"Milo"
2343	"Pedro"
2344	"Royal"
2345	"Taylor"
2346	"Hal"
2347	"Hardy"
2348	"Jonas"
2349	"King"
2350	"Matt"
2351	"Myron"
2352	"Nels"
2353	"Wash"
2354	"Abram"
2355	"Caleb"
2356	"Casper"
2357	"Frederic"
2358	"Granville"
2359	"Gust"
2360	"Ivan"
2361	"Lem"
2362	"Otho"
2363	"Wilford"
2364	"Angus"
2365	"Isom"
2366	"Josiah"
2367	"Laurence"
2368	"Morgan"
2369	"Christ"
2370	"Clement"
2371	"Dee"
2372	"Judson"
2373	"Junius"
2374	"Morton"
2375	"Washington"
2376	"Earle"
2377	"Ellsworth"
2378	"Emmet"
2379	"Harve"
2380	"Israel"
2381	"Johnie"
2382	"Kenneth"
2383	"Lige"
2384	"Orrin"
2385	"Steven"
2386	"Wayne"
2387	"Wilfred"
2388	"Addison"
2389	"Bertram"
2390	"Carlton"
2391	"Elliott"
2392	"Fletcher"
2393	"Fritz"
2394	"Lawson"
2395	"Lucian"
2396	"Watson"
2397	"Wilburn"
2398	"Billie"
2399	"Carlos"
2400	"Clarance"
2401	"Elton"
2402	"Gabriel"
2403	"Harmon"
2404	"Irwin"
2405	"Jason"
2406	"Jimmie"
2407	"Judge"
2408	"Lafayette"
2409	"Malcolm"
2410	"Merton"
2411	"Ramon"
2412	"Sol"
2413	"Wilbert"
2414	"Wilmer"
2415	"Elmo"
2416	"Francisco"
2417	"Geo"
2418	"Hugo"
2419	"Murray"
2420	"Neil"
2421	"Sandy"
2422	"Simeon"
2423	"Stewart"
2424	"Valentine"
2425	"Adrian"
2426	"Alton"
2427	"Artie"
2428	"Burl"
2429	"Carey"
2430	"Coleman"
2431	"Guss"
2432	"Noble"
2433	"Oren"
2434	"Prince"
2435	"Wm"
2436	"Chauncey"
2437	"Clay"
2438	"Dewitt"
2439	"Dwight"
2440	"Garland"
2441	"Haywood"
2442	"Houston"
2443	"Logan"
2444	"Lucious"
2445	"Rolla"
2446	"Thornton"
2447	"Tobe"
2448	"Tomas"
2449	"Truman"
2450	"Turner"
2451	"Webster"
2452	"Alford"
2453	"Alphonse"
2454	"Arther"
2455	"Aubrey"
2456	"Cal"
2457	"Enos"
2458	"Harris"
2459	"Johnny"
2460	"Lew"
2461	"Loyd"
2462	"Miller"
2463	"Ransom"
2464	"Smith"
2465	"Sterling"
2466	"Troy"
2467	"Waldo"
2468	"Allan"
2469	"Barton"
2470	"Clair"
2471	"Clint"
2472	"Crawford"
2473	"Elvin"
2474	"Emerson"
2475	"Fay"
2476	"Garrett"
2477	"Gerald"
2478	"Hamilton"
2479	"Lucien"
2480	"Mortimer"
2481	"Orin"
2482	"Palmer"
2483	"Raleigh"
2484	"Randolph"
2485	"Saul"
2486	"Ulysses"
2487	"Warner"
2488	"Adelbert"
2489	"Adolphus"
2490	"Alpha"
2491	"Art"
2492	"Avery"
2493	"Bennett"
2494	"Carson"
2495	"Colonel"
2496	"Dana"
2497	"Dick"
2498	"Elza"
2499	"Erastus"
2500	"Finley"
2501	"Gene"
2502	"Jesus"
2503	"Josh"
2504	"Larkin"
2505	"Mathias"
2506	"Micheal"
2507	"Newt"
2508	"Parker"
2509	"Pierce"
2510	"Randall"
2511	"Rollie"
2512	"Ted"
2513	"Alvah"
2514	"Blaine"
2515	"Bryant"
2516	"Cary"
2517	"Cicero"
2518	"Cleve"
2519	"Cliff"
2520	"Dell"
2521	"Dorsey"
2522	"Elmore"
2523	"Henery"
2524	"Jules"
2525	"Kelly"
2526	"Leland"
2527	"Lincoln"
2528	"Luis"
2529	"Merle"
2530	"Okey"
2531	"Olaf"
2532	"Orlando"
2533	"Phil"
2534	"Pleas"
2535	"Pleasant"
2536	"Rex"
2537	"Shelby"
2538	"Thad"
2539	"Axel"
2540	"Basil"
2541	"Benjaman"
2542	"Bertie"
2543	"Buck"
2544	"Butler"
2545	"Cassius"
2546	"Denis"
2547	"Doc"
2548	"Dora"
2549	"Duncan"
2550	"Ely"
2551	"Ernie"
2552	"Erwin"
2553	"Evan"
2554	"Evans"
2555	"Frances"
2556	"Garnett"
2557	"Giles"
2558	"Hamp"
2559	"Jean"
2560	"Jordan"
2561	"June"
2562	"Lenard"
2563	"Lum"
2564	"Lyle"
2565	"Mahlon"
2566	"Mason"
2567	"Mat"
2568	"Pierre"
2569	"Price"
2570	"Rodney"
2571	"Rubin"
2572	"Theo"
2573	"Watt"
2574	"Wyatt"
2575	"Albin"
2576	"Aloysius"
2577	"Benton"
2578	"Bernie"
2579	"Bishop"
2580	"Cornelious"
2581	"Coy"
2582	"Dexter"
2583	"Drew"
2584	"Emmitt"
2585	"Ezekiel"
2586	"Finis"
2587	"Furman"
2588	"Howell"
2589	"Issac"
2590	"Johnson"
2591	"Jones"
2592	"Lacy"
2593	"Llewellyn"
2594	"Manley"
2595	"Odie"
2596	"Olin"
2597	"Omar"
2598	"Oswald"
2599	"Paris"
2600	"Pinkney"
2601	"Quincy"
2602	"Richmond"
2603	"Rupert"
2604	"Shirley"
2605	"Sid"
2606	"Tim"
2607	"Volney"
2608	"Webb"
2609	"West"
2610	"Abel"
2611	"Alma"
2612	"Alonza"
2613	"Berton"
2614	"Dillard"
2615	"Early"
2616	"Ephraim"
2617	"Ephriam"
2618	"Evert"
2619	"Gary"
2620	"Gaston"
2621	"Hosea"
2622	"Hunter"
2623	"Kirk"
2624	"Linus"
2625	"Lonzo"
2626	"Lou"
2627	"Lowell"
2628	"Martha"
2629	"Merrill"
2630	"Miguel"
2631	"Minnie"
2632	"Mitchel"
2633	"Noel"
2634	"Norris"
2635	"Otha"
2636	"Perley"
2637	"Reinhold"
2638	"Rush"
2639	"Samual"
2640	"Sanders"
2641	"Sebastian"
2642	"Seymour"
2643	"Shelton"
2644	"Squire"
2645	"Stuart"
2646	"Sydney"
2647	"Theron"
2648	"Travis"
2649	"Wilton"
2650	"Zeb"
2651	"Allison"
2652	"Anson"
2653	"Asbury"
2654	"Benjamine"
2655	"Bessie"
2656	"Beverly"
2657	"Brooks"
2658	"Burley"
2659	"Burr"
2660	"Buster"
2661	"Davis"
2662	"Dean"
2663	"Eber"
2664	"Edna"
2665	"Eldridge"
2666	"Elzie"
2667	"Eric"
2668	"Fayette"
2669	"Hampton"
2670	"Herschel"
2671	"Ivy"
2672	"Jule"
2673	"Junior"
2674	"Junious"
2675	"Justus"
2676	"Lambert"
2677	"Len"
2678	"Levy"
2679	"Lindsay"
2680	"Lonie"
2681	"Minor"
2682	"Octave"
2683	"Orson"
2684	"Reed"
2685	"Tillman"
2686	"Tracy"
2687	"Winfred"
2688	"Wong"
2689	"Young"
2690	"Ace"
2691	"Alden"
2692	"Alec"
2693	"Alois"
2694	"Alpheus"
2695	"Alphonso"
2696	"Andres"
2697	"Angelo"
2698	"Annie"
2699	"Archer"
2700	"Armstead"
2701	"Aron"
2702	"Augustine"
2703	"Author"
2704	"Bailey"
2705	"Bedford"
2706	"Benedict"
2707	"Bertha"
2708	"Brice"
2709	"Brown"
2710	"Burrell"
2711	"Byrd"
2712	"Carleton"
2713	"Chin"
2714	"Clare"
2715	"Doctor"
2716	"Dolphus"
2717	"Eben"
2718	"Elie"
2719	"Elige"
2720	"Ennis"
2721	"Florence"
2722	"Gabe"
2723	"Gibson"
2724	"Gustavus"
2725	"Harlan"
2726	"Hollis"
2727	"Humphrey"
2728	"Hurley"
2729	"Larry"
2730	"Lindsey"
2731	"Lue"
2732	"Malachi"
2733	"May"
2734	"Maynard"
2735	"Melville"
2736	"Milford"
2737	"Mills"
2738	"Orange"
2739	"Orie"
2740	"Pablo"
2741	"Reese"
2742	"Roswell"
2743	"Sampson"
2744	"Thaddeus"
2745	"Thurman"
2746	"Tommie"
2747	"Toney"
2748	"Walton"
2749	"Wellington"
2750	"Willam"
2751	"Willian"
2752	"Wylie"
2753	"Adolfo"
2754	"Alanzo"
2755	"Albion"
2756	"Alcide"
2757	"Alvie"
2758	"Alvis"
2759	"Antoine"
2760	"Ashley"
2761	"Ballard"
2762	"Bartholomew"
2763	"Baxter"
2764	"Billy"
2765	"Bird"
2766	"Campbell"
2767	"Commodore"
2768	"Connie"
2769	"Dale"
2770	"Dayton"
2771	"Delmar"
2772	"Dow"
2773	"Ebbie"
2774	"Egbert"
2775	"Eligah"
2776	"Elizabeth"
2777	"Emma"
2778	"Ernst"
2779	"Essie"
2780	"Ethan"
2781	"Eustace"
2782	"Ewing"
2783	"Fate"
2784	"Felipe"
2785	"Fernand"
2786	"Fisher"
2787	"Ford"
2788	"Gail"
2789	"Graham"
2790	"Gustaf"
2791	"Harland"
2792	"Hayes"
2793	"Hezekiah"
2794	"Hilary"
2795	"Hosie"
2796	"Isreal"
2797	"Ivory"
2798	"Joesph"
2799	"Julious"
2800	"Lemon"
2801	"Lora"
2802	"Louise"
2803	"Manford"
2804	"Manning"
2805	"Margaret"
2806	"Marsh"
2807	"Marshal"
2808	"Mart"
2809	"Mont"
2810	"Nat"
2811	"Newman"
2812	"Nickolas"
2813	"Olie"
2814	"Park"
2815	"Pearley"
2816	"Reginald"
2817	"Rice"
2818	"Rolland"
2819	"Rollin"
2820	"Roman"
2821	"Rome"
2822	"Rowland"
2823	"Sammie"
2824	"Seward"
2825	"Shade"
2826	"Shelly"
2827	"Terry"
2828	"Titus"
2829	"Tommy"
2830	"Unknown"
2831	"Vicente"
2832	"Weston"
2833	"Wheeler"
2834	"Williams"
2835	"Worth"
2836	"Addie"
2837	"Alan"
2838	"Alberto"
2839	"Alexis"
2840	"Alf"
2841	"Alfonso"
2842	"Almon"
2843	"Antone"
2844	"Arlie"
2845	"Asberry"
2846	"Ashby"
2847	"Auguste"
2848	"Auther"
2849	"Bart"
2850	"Bascom"
2851	"Bee"
2852	"Birt"
2853	"Cameron"
2854	"Camille"
2855	"Carrie"
2856	"Chesley"
2857	"Clabe"
2858	"Cloyd"
2859	"Cooper"
2860	"Darius"
2861	"Delos"
2862	"Dempsey"
2863	"Dennie"
2864	"Dolph"
2865	"Domingo"
2866	"Ebb"
2867	"Eliga"
2868	"Elsworth"
2869	"Elwin"
2870	"Emilio"
2871	"Everette"
2872	"Fernando"
2873	"Fredric"
2874	"French"
2875	"Garry"
2876	"Gee"
2877	"Gerhard"
2878	"Gideon"
2879	"Grace"
2880	"Hansford"
2881	"Hardin"
2882	"Heber"
2883	"Hector"
2884	"Hermann"
2885	"Hershel"
2886	"Hervey"
2887	"Hilliard"
2888	"Horatio"
2889	"Hoyt"
2890	"Huston"
2891	"Isham"
2892	"Jarvis"
2893	"Jobe"
2894	"Joeseph"
2895	"Josephus"
2896	"Kirby"
2897	"Landon"
2898	"Lane"
2899	"Lawyer"
2900	"Lennie"
2901	"Leonidas"
2902	"Lesley"
2903	"Lillian"
2904	"Linn"
2905	"Littleton"
2906	"Lone"
2907	"Ludwig"
2908	"Marcellus"
2909	"Margarito"
2910	"Mattie"
2911	"Maxwell"
2912	"Melton"
2913	"Mervin"
2914	"Nellie"
2915	"Oran"
2916	"Orla"
2917	"Orval"
2918	"Ott"
2919	"Percival"
2920	"Press"
2921	"Rafael"
2922	"Randle"
2923	"Reece"
2924	"Rene"
2925	"Rich"
2926	"Roderick"
2927	"Rollo"
2928	"Rutherford"
2929	"Seaborn"
2930	"Severt"
2931	"Steward"
2932	"Sylvanus"
2933	"Theadore"
2934	"Theophile"
2935	"Todd"
2936	"Vernie"
2937	"Vester"
2938	"Wenzel"
2939	"Wilhelm"
2940	"Wood"
2941	"Yee"
2942	"Ab"
2943	"Adolf"
2944	"Alby"
2945	"Alcee"
2946	"Almer"
2947	"Almond"
2948	"Alvy"
2949	"Amon"
2950	"Ansel"
2951	"Babe"
2952	"Bayard"
2953	"Benny"
2954	"Bertrand"
2955	"Bluford"
2956	"Booker"
2957	"Bradley"
2958	"Bruno"
2959	"Burnett"
2960	"Burney"
2961	"Callie"
2962	"Caswell"
2963	"Claudie"
2964	"Colin"
2965	"Conley"
2966	"Cortez"
2967	"Darwin"
2968	"Davie"
2969	"Dionicio"
2970	"Dominick"
2971	"Donnie"
2972	"Duff"
2973	"Edson"
2974	"Elam"
2975	"Eldred"
2976	"Ell"
2977	"Ellery"
2978	"Ellwood"
2979	"Elva"
2980	"Emmit"
2981	"Enrique"
2982	"Erasmus"
2983	"Erie"
2984	"Erle"
2985	"Essex"
2986	"Ewell"
2987	"Ewin"
2988	"Fabian"
2989	"Fleming"
2990	"Florencio"
2991	"Fremont"
2992	"Gaines"
2993	"Garnet"
2994	"Gaylord"
2995	"German"
2996	"Greene"
2997	"Griffin"
2998	"Hallie"
2999	"Handy"
3000	"John"
3001	"William"
3002	"James"
3003	"Charles"
3004	"George"
3005	"Frank"
3006	"Joseph"
3007	"Henry"
3008	"Robert"
3009	"Thomas"
3010	"Edward"
3011	"Harry"
3012	"Walter"
3013	"Arthur"
3014	"Fred"
3015	"Albert"
3016	"Samuel"
3017	"Clarence"
3018	"Louis"
3019	"David"
3020	"Richard"
3021	"Charlie"
3022	"Ernest"
3023	"Andrew"
3024	"Daniel"
3025	"Joe"
3026	"Oscar"
3027	"Jesse"
3028	"Will"
3029	"Roy"
3030	"Benjamin"
3031	"Carl"
3032	"Sam"
3033	"Willie"
3034	"Alfred"
3035	"Peter"
3036	"Frederick"
3037	"Lewis"
3038	"Howard"
3039	"Elmer"
3040	"Herbert"
3041	"Earl"
3042	"Lee"
3043	"Tom"
3044	"Ralph"
3045	"Martin"
3046	"Herman"
3047	"Paul"
3048	"Jacob"
3049	"Clyde"
3050	"Eugene"
3051	"Jim"
3052	"Harvey"
3053	"Claude"
3054	"Michael"
3055	"Ben"
3056	"Edwin"
3057	"Edgar"
3058	"Chester"
3059	"Francis"
3060	"Lawrence"
3061	"Bert"
3062	"Charley"
3063	"Ed"
3064	"Jack"
3065	"Otto"
3066	"Ira"
3067	"Raymond"
3068	"Luther"
3069	"Isaac"
3070	"Guy"
3071	"Oliver"
3072	"Floyd"
3073	"Hugh"
3074	"Patrick"
3075	"Homer"
3076	"August"
3077	"Ray"
3078	"Leonard"
3079	"Alexander"
3080	"Theodore"
3081	"Allen"
3082	"Horace"
3083	"Archie"
3084	"Philip"
3085	"Sidney"
3086	"Marion"
3087	"Julius"
3088	"Jessie"
3089	"Milton"
3090	"Warren"
3091	"Anthony"
3092	"Everett"
3093	"Leroy"
3094	"Leo"
3095	"Bernard"
3096	"Leon"
3097	"Stephen"
3098	"Emil"
3099	"Clifford"
3100	"Dave"
3101	"Perry"
3102	"Willis"
3103	"Grover"
3104	"Eddie"
3105	"Rufus"
3106	"Calvin"
3107	"Alex"
3108	"Dan"
3109	"Leslie"
3110	"Lester"
3111	"Adolph"
3112	"Alvin"
3113	"Amos"
3114	"Dennis"
3115	"Jess"
3116	"Harold"
3117	"Adam"
3118	"Jerry"
3119	"Norman"
3120	"Aaron"
3121	"Wesley"
3122	"Alonzo"
3123	"Wallace"
3124	"Victor"
3125	"Lloyd"
3126	"Mack"
3127	"Jay"
3128	"Jake"
3129	"Melvin"
3130	"Franklin"
3131	"Nathan"
3132	"Cornelius"
3133	"Elbert"
3134	"Elijah"
3135	"Gilbert"
3136	"Phillip"
3137	"Roscoe"
3138	"Willard"
3139	"Claud"
3140	"Lonnie"
3141	"Mark"
3142	"Simon"
3143	"Christopher"
3144	"Maurice"
3145	"Otis"
3146	"Ross"
3147	"Clinton"
3148	"Earnest"
3149	"Emmett"
3150	"Percy"
3151	"Matthew"
3152	"Hiram"
3153	"Levi"
3154	"Fredrick"
3155	"Eli"
3156	"Moses"
3157	"Gus"
3158	"Noah"
3159	"Marshall"
3160	"Nelson"
3161	"Silas"
3162	"Max"
3163	"Morris"
3164	"Jasper"
3165	"Jose"
3166	"Manuel"
3167	"Ellis"
3168	"Irvin"
3169	"Mike"
3170	"Wilbur"
3171	"Alva"
3172	"Wiley"
3173	"Marvin"
3174	"Nicholas"
3175	"Virgil"
3176	"Sylvester"
3177	"Felix"
3178	"Stanley"
3179	"Russell"
3180	"Wilson"
3181	"Glenn"
3182	"Mose"
3183	"Ora"
3184	"Anton"
3185	"Dock"
3186	"Edmund"
3187	"Harley"
3188	"Owen"
3189	"Bob"
3190	"Steve"
3191	"Timothy"
3192	"Asa"
3193	"Harrison"
3194	"Ollie"
3195	"Rudolph"
3196	"Newton"
3197	"Orville"
3198	"Clayton"
3199	"Pearl"
3200	"Reuben"
3201	"Joshua"
3202	"Don"
3203	"Wade"
3204	"Augustus"
3205	"Curtis"
3206	"Hubert"
3207	"Abraham"
3208	"Donald"
3209	"Edmond"
3210	"Preston"
3211	"Cecil"
3212	"Joel"
3213	"Lon"
3214	"Bill"
3215	"Bruce"
3216	"Byron"
3217	"Christian"
3218	"Ike"
3219	"Juan"
3220	"Columbus"
3221	"Garfield"
3222	"Gustave"
3223	"Nathaniel"
3224	"Barney"
3225	"Johnnie"
3226	"Julian"
3227	"Sherman"
3228	"Chris"
3229	"Cyrus"
3230	"Scott"
3231	"Ervin"
3232	"Irving"
3233	"Monroe"
3234	"Vernon"
3235	"Winfield"
3236	"Clark"
3237	"Riley"
3238	"Solomon"
3239	"Elias"
3240	"Enoch"
3241	"Gustav"
3242	"Jeff"
3243	"Millard"
3244	"Abe"
3245	"Andy"
3246	"Austin"
3247	"Delbert"
3248	"Edd"
3249	"Emery"
3250	"Pete"
3251	"Vincent"
3252	"Arnold"
3253	"Bud"
3254	"Elisha"
3255	"Louie"
3256	"Miles"
3257	"Wilfred"
3258	"Lemuel"
3259	"Major"
3260	"Burton"
3261	"Matt"
3262	"Anderson"
3263	"Arch"
3264	"Chas"
3265	"Conrad"
3266	"Emory"
3267	"Gordon"
3268	"Hugo"
3269	"Luke"
3270	"Marcus"
3271	"Wilbert"
3272	"Jeremiah"
3273	"Mathew"
3274	"Ambrose"
3275	"Jerome"
3276	"Nick"
3277	"Roland"
3278	"Burt"
3279	"Cleveland"
3280	"Ole"
3281	"Emanuel"
3282	"Jackson"
3283	"Douglas"
3284	"Earle"
3285	"Green"
3286	"Karl"
3287	"Lynn"
3288	"Foster"
3289	"Grant"
3290	"Jefferson"
3291	"Mary"
3292	"Tony"
3293	"Carroll"
3294	"Clem"
3295	"Clement"
3296	"Van"
3297	"Antonio"
3298	"Chauncey"
3299	"Ellsworth"
3300	"Ferdinand"
3301	"Isaiah"
3302	"Mitchell"
3303	"Ned"
3304	"Ruben"
3305	"Benjiman"
3306	"Ivan"
3307	"Neal"
3308	"Alton"
3309	"Archibald"
3310	"Ezra"
3311	"Forest"
3312	"Hans"
3313	"Irwin"
3314	"Laurence"
3315	"Spencer"
3316	"Zack"
3317	"Abner"
3318	"Fletcher"
3319	"Glen"
3320	"Josh"
3321	"Taylor"
3322	"Ward"
3323	"Clifton"
3324	"Elliott"
3325	"Erwin"
3326	"Jimmie"
3327	"Kenneth"
3328	"Lyman"
3329	"Seth"
3330	"Clay"
3331	"Emmet"
3332	"Forrest"
3333	"General"
3334	"Lucius"
3335	"Wayne"
3336	"Allie"
3337	"Berry"
3338	"Dick"
3339	"Dudley"
3340	"Elwood"
3341	"Francisco"
3342	"Isiah"
3343	"Judge"
3344	"Lem"
3345	"Roger"
3346	"Emile"
3347	"Hamilton"
3348	"Malcolm"
3349	"Merle"
3350	"Merton"
3351	"Neil"
3352	"Omer"
3353	"Phil"
3354	"Porter"
3355	"Sandy"
3356	"Sim"
3357	"Vern"
3358	"Carlos"
3359	"Dee"
3360	"Guss"
3361	"Jonas"
3362	"Judson"
3363	"King"
3364	"Loren"
3365	"Madison"
3366	"Myron"
3367	"Napoleon"
3368	"Otho"
3369	"Sanford"
3370	"Al"
3371	"Bennie"
3372	"Boyd"
3373	"Dewitt"
3374	"Harve"
3375	"Leland"
3376	"Lige"
3377	"Lucian"
3378	"Royal"
3379	"Truman"
3380	"Abram"
3381	"Addison"
3382	"Aubrey"
3383	"Emerson"
3384	"Frederic"
3385	"Freeman"
3386	"Hal"
3387	"Junius"
3388	"Logan"
3389	"Lorenzo"
3390	"Merrill"
3391	"Milo"
3392	"Murray"
3393	"Pat"
3394	"Ramon"
3395	"Sterling"
3396	"Walker"
3397	"Wash"
3398	"Washington"
3399	"Webster"
3400	"Wilford"
3401	"Adolphus"
3402	"Allan"
3403	"Carey"
3404	"Carlton"
3405	"Dallas"
3406	"Enos"
3407	"Jean"
3408	"Morgan"
3409	"Nels"
3410	"Rolla"
3411	"Alvah"
3412	"Benton"
3413	"Bertram"
3414	"Doc"
3415	"Duncan"
3416	"Elza"
3417	"Evan"
3418	"Evert"
3419	"Haywood"
3420	"Isom"
3421	"Israel"
3422	"Jonathan"
3423	"Jules"
3424	"Lawson"
3425	"Leander"
3426	"Mathias"
3427	"Olin"
3428	"Orin"
3429	"Pedro"
3430	"Prince"
3431	"Stewart"
3432	"Warner"
3433	"Angus"
3434	"Arther"
3435	"Christ"
3436	"Clint"
3437	"Frances"
3438	"Giles"
3439	"Harmon"
3440	"Henery"
3441	"Jordan"
3442	"Olaf"
3443	"Pink"
3444	"Raleigh"
3445	"Rolland"
3446	"Wilber"
3447	"Anna"
3448	"Caleb"
3449	"Casper"
3450	"Clarance"
3451	"Elmo"
3452	"Ernst"
3453	"Houston"
3454	"Randolph"
3455	"Sol"
3456	"Tim"
3457	"Valentine"
3458	"Wm"
3459	"Alf"
3460	"Benjamine"
3461	"Clair"
3462	"Dorsey"
3463	"Early"
3464	"Elvin"
3465	"Fay"
3466	"Granville"
3467	"Harris"
3468	"Henderson"
3469	"Hezekiah"
3470	"Johnie"
3471	"Lonzo"
3472	"Mont"
3473	"Newt"
3474	"Noble"
3475	"Rex"
3476	"Rollin"
3477	"Wilmer"
3478	"Adelbert"
3479	"Adrian"
3480	"Alphonse"
3481	"Arlie"
3482	"Avery"
3483	"Cal"
3484	"Ephraim"
3485	"Everette"
3486	"Ezekiel"
3487	"Hardy"
3488	"Johnny"
3489	"Josiah"
3490	"Lum"
3491	"Minnie"
3492	"Theo"
3493	"Ulysses"
3494	"Walton"
3495	"Watson"
3496	"Alford"
3497	"Aloysius"
3498	"Blaine"
3499	"Elie"
3500	"Elizabeth"
3501	"Garrett"
3502	"Gerald"
3503	"Issac"
3504	"Jarvis"
3505	"Jason"
3506	"Loyd"
3507	"Mahlon"
3508	"Margaret"
3509	"Micheal"
3510	"Nat"
3511	"Omar"
3512	"Otha"
3513	"Pierre"
3514	"Richmond"
3515	"Rollie"
3516	"Shirley"
3517	"Simeon"
3518	"Smith"
3519	"Steven"
3520	"Ted"
3521	"Thornton"
3522	"Tomas"
3523	"Troy"
3524	"Williams"
3525	"Zeb"
3526	"Abel"
3527	"Alden"
3528	"Allison"
3529	"Axel"
3530	"Brown"
3531	"Clare"
3532	"Cleve"
3533	"Coleman"
3534	"Dean"
3535	"Elzie"
3536	"Ernie"
3537	"Fritz"
3538	"Gust"
3539	"Hollis"
3540	"Jesus"
3541	"Johnson"
3542	"Kelly"
3543	"Larry"
3544	"Lincoln"
3545	"Lindsey"
3546	"Mason"
3547	"Miguel"
3548	"Orson"
3549	"Randall"
3550	"Reginald"
3551	"Rush"
3552	"Squire"
3553	"Sumner"
3554	"Wheeler"
3555	"Young"
3556	"Alpha"
3557	"Author"
3558	"Bart"
3559	"Benjaman"
3560	"Burl"
3561	"Carter"
3562	"Chin"
3563	"Cicero"
3564	"Dale"
3565	"Davis"
3566	"Dell"
3567	"Drew"
3568	"Dwight"
3569	"Eric"
3570	"Florence"
3571	"Garland"
3572	"Hayes"
3573	"Hilliard"
3574	"Hosea"
3575	"Lafayette"
3576	"Lew"
3577	"Lou"
3578	"Lucien"
3579	"Melville"
3580	"Milford"
3581	"Norris"
3582	"Oran"
3583	"Orange"
3584	"Orlando"
3585	"Orrin"
3586	"Rodney"
3587	"Stuart"
3588	"Sydney"
3589	"Thaddeus"
3590	"Theron"
3591	"Tommy"
3592	"Turner"
3593	"West"
3594	"Wilburn"
3595	"Winfred"
3596	"Alma"
3597	"Almon"
3598	"Bertie"
3599	"Berton"
3600	"Beverly"
3601	"Bishop"
3602	"Buford"
3603	"Cary"
3604	"Cassius"
3605	"Cliff"
3606	"Colonel"
3607	"Crawford"
3608	"Dillard"
3609	"Elmore"
3610	"Gabriel"
3611	"Gene"
3612	"Godfrey"
3613	"Harper"
3614	"Hector"
3615	"Hollie"
3616	"Howell"
3617	"Jonah"
3618	"Len"
3619	"Linwood"
3620	"Lucious"
3621	"Maxwell"
3622	"Maynard"
3623	"Minor"
3624	"Mortimer"
3625	"Newell"
3626	"Ocie"
3627	"Olen"
3628	"Oren"
3629	"Oswald"
3630	"Pablo"
3631	"Price"
3632	"Reece"
3633	"Roman"
3634	"Rube"
3635	"Seymour"
3636	"Sid"
3637	"Soloman"
3638	"Terry"
3639	"Tobe"
3640	"Tommie"
3641	"Wright"
3642	"Wylie"
3643	"Alfonso"
3644	"Alonza"
3645	"Andres"
3646	"Anson"
3647	"Antone"
3648	"Ashley"
3649	"Augustine"
3650	"Bennett"
3651	"Birt"
3652	"Clara"
3653	"Cloyd"
3654	"Collins"
3655	"Dempsey"
3656	"Dolphus"
3657	"Dora"
3658	"Ephriam"
3659	"Fate"
3660	"Fleming"
3661	"Hampton"
3662	"Herschel"
3663	"Hyrum"
3664	"Isadore"
3665	"Isham"
3666	"Marshal"
3667	"Martha"
3668	"Merritt"
3669	"Pinkney"
3670	"Ransom"
3671	"Rupert"
3672	"Travis"
3673	"Vance"
3674	"Willam"
3675	"Wong"
3676	"Alois"
3677	"Alvie"
3678	"Annie"
3679	"Antoine"
3680	"Armand"
3681	"Aron"
3682	"Auther"
3683	"Bailey"
3684	"Barton"
3685	"Basil"
3686	"Bradley"
3687	"Brady"
3688	"Burley"
3689	"Cornelious"
3690	"Dow"
3691	"Edson"
3692	"Egbert"
3693	"Ferd"
3694	"Festus"
3695	"Ford"
3696	"Gustaf"
3697	"Hamp"
3698	"Hosteen"
3699	"Jewell"
3700	"Kirby"
3701	"Llewellyn"
3702	"Lowell"
3703	"Luis"
3704	"Melton"
3705	"Odell"
3706	"Orley"
3707	"Orval"
3708	"Parker"
3709	"Perley"
3710	"Reese"
3711	"Reinhold"
3712	"Rene"
3713	"Rosco"
3714	"Sanders"
3715	"Shelby"
3716	"Shelton"
3717	"Willian"
3718	"Wilton"
3719	"Addie"
3720	"Albin"
3721	"Alpheus"
3722	"Art"
3723	"Artie"
3724	"Ballard"
3725	"Bartholomew"
3726	"Bascom"
3727	"Bee"
3728	"Bernice"
3729	"Bernie"
3730	"Boss"
3731	"Burr"
3732	"Buster"
3733	"Butler"
3734	"Byrd"
3735	"Chauncy"
3736	"Connie"
3737	"Creed"
3738	"Cyril"
3739	"Delmer"
3740	"Denis"
3741	"Doctor"
3742	"Dominick"
3743	"Eben"
3744	"Effie"
3745	"Eldred"
3746	"Ellie"
3747	"Ellison"
3748	"Elton"
3749	"Emma"
3750	"Emmitt"
3751	"Ewell"
3752	"Finley"
3753	"French"
3754	"Furman"
3755	"Gaston"
3756	"Geo"
3757	"Gerhard"
3758	"Graham"
3759	"Hallie"
3760	"Harman"
3761	"Hershel"
3762	"Ivory"
3763	"Ivy"
3764	"Jimmy"
3765	"Lacy"
3766	"Lars"
3767	"Lenard"
3768	"Levy"
3769	"Lionel"
3770	"Louise"
3771	"Lyle"
3772	"Mat"
3773	"Mervin"
3774	"Milas"
3775	"Miller"
3776	"Miner"
3777	"Montgomery"
3778	"Murphy"
3779	"Odie"
3780	"Orrie"
3781	"Ottis"
3782	"Paris"
3783	"Pleas"
3784	"Pleasant"
3785	"Rafael"
3786	"Reed"
3787	"Rogers"
3788	"Santiago"
3789	"Sarah"
3790	"Thad"
3791	"Theadore"
3792	"Unknown"
3793	"Urban"
3794	"Vivian"
3795	"Wendell"
3796	"Wess"
3797	"Woody"
3798	"Ace"
3799	"Adolf"
3800	"Algie"
3801	"Alice"
3802	"Alphonso"
3803	"Alvis"
3804	"Ammon"
3805	"Arlington"
3806	"Asbury"
3807	"Ashton"
3808	"Authur"
3809	"Baxter"
3810	"Bertha"
3811	"Bryan"
3812	"Budd"
3813	"Cameron"
3814	"Coley"
3815	"Cullen"
3816	"Curt"
3817	"Dana"
3818	"Delos"
3819	"Dennie"
3820	"Dexter"
3821	"Douglass"
3822	"Edna"
3823	"Elam"
3824	"Eldridge"
3825	"Elsworth"
3826	"Ennis"
3827	"Enrique"
3828	"Felipe"
3829	"Fernando"
3830	"Finis"
3831	"Freddie"
3832	"Gabe"
3833	"Harland"
3834	"Hartwell"
3835	"Heber"
3836	"Hilary"
3837	"Hilton"
3838	"Hoyt"
3839	"Humphrey"
3840	"Hunter"
3841	"Irvine"
3842	"Isidor"
3843	"Isreal"
3844	"Jeptha"
3845	"June"
3846	"Landon"
3847	"Larkin"
3848	"Lennie"
3849	"Lillian"
3850	"Ludwig"
3851	"Mabel"
3852	"Malcom"
3853	"Manning"
3854	"Maude"
3855	"May"
3856	"Mell"
3857	"Meyer"
3858	"Morton"
3859	"Obie"
3860	"Olie"
3861	"Olof"
3862	"Orie"
3863	"Orlo"
3864	"Quincy"
3865	"Rice"
3866	"Robt"
3867	"Ronald"
3868	"Sampson"
3869	"Samual"
3870	"Simpson"
3871	"Spurgeon"
3872	"Sylvanus"
3873	"Tandy"
3874	"Thos"
3875	"Thurlow"
3876	"Thurman"
3877	"Tobias"
3878	"Toy"
3879	"Tracy"
3880	"Verne"
3881	"Vicente"
3882	"Waldo"
3883	"Weldon"
3884	"Whit"
3885	"Wilhelm"
3886	"Winston"
3887	"Woodie"
3888	"Wyatt"
3889	"Zeke"
3890	"Zeno"
3891	"Albertus"
3892	"Alcide"
3893	"Alec"
3894	"Alphonsus"
3895	"Alvan"
3896	"Amado"
3897	"Ananias"
3898	"Ancel"
3899	"Arvid"
3900	"Atlas"
3901	"Banks"
3902	"Barry"
3903	"Belton"
3904	"Benedict"
3905	"Bernhard"
3906	"Bertrand"
3907	"Blair"
3908	"Blake"
3909	"Blanchard"
3910	"Bluford"
3911	"Bose"
3912	"Bryant"
3913	"Buck"
3914	"Captain"
3915	"Carleton"
3916	"Ceasar"
3917	"Chalmers"
3918	"Chance"
3919	"Chancey"
3920	"Chancy"
3921	"Charle"
3922	"Clide"
3923	"Colin"
3924	"Commodore"
3925	"Coy"
3926	"Crockett"
3927	"Daisy"
3928	"Danial"
3929	"Delmar"
3930	"Dink"
3931	"Dolph"
3932	"Duke"
3933	"Elder"
3934	"Elige"
3935	"Elihu"
3936	"Ella"
3937	"Elva"
3938	"Elwin"
3939	"Emett"
3940	"Emilio"
3941	"Emmit"
3942	"Erick"
3943	"Essex"
3944	"Estill"
3945	"Ewin"
3946	"Fayette"
3947	"Fenton"
3948	"Gale"
3949	"Garret"
3950	"Gay"
3951	"Gideon"
3952	"Golden"
3953	"Gottlieb"
3954	"Gregorio"
3955	"Grove"
3956	"Hanson"
3957	"Harlan"
3958	"Harlie"
3959	"Harlow"
3960	"Haskell"
3961	"Helen"
3962	"Hermann"
3963	"Horatio"
3964	"Hyman"
3965	"Ida"
3966	"Ingram"
3967	"Iva"
3968	"Jep"
3969	"Jodie"
3970	"Josephus"
3971	"Joy"
3972	"Judd"
3973	"Julious"
3974	"Junious"
3975	"Lambert"
3976	"Lemon"
3977	"Lesley"
3978	"Lessie"
3979	"Lillie"
3980	"Linton"
3981	"Linzy"
3982	"Little"
3983	"Loney"
3984	"Lonie"
3985	"Loring"
3986	"Lovie"
3987	"Lucas"
3988	"Lute"
3989	"Mac"
3990	"Mace"
3991	"Mal"
3992	"Manford"
3993	"Manley"
3994	"Mannie"
3995	"Marcellus"
3996	"Matthias"
3997	"Maud"
3998	"Meredith"
3999	"Michel"
4000	"John"
4001	"William"
4002	"James"
4003	"George"
4004	"Charles"
4005	"Frank"
4006	"Joseph"
4007	"Thomas"
4008	"Henry"
4009	"Robert"
4010	"Edward"
4011	"Harry"
4012	"Walter"
4013	"Arthur"
4014	"Fred"
4015	"Albert"
4016	"Samuel"
4017	"Clarence"
4018	"Louis"
4019	"Grover"
4020	"David"
4021	"Joe"
4022	"Richard"
4023	"Charlie"
4024	"Ernest"
4025	"Roy"
4026	"Jesse"
4027	"Will"
4028	"Andrew"
4029	"Oscar"
4030	"Willie"
4031	"Daniel"
4032	"Sam"
4033	"Peter"
4034	"Elmer"
4035	"Carl"
4036	"Alfred"
4037	"Benjamin"
4038	"Lewis"
4039	"Earl"
4040	"Ralph"
4041	"Frederick"
4042	"Lee"
4043	"Howard"
4044	"Paul"
4045	"Herbert"
4046	"Tom"
4047	"Herman"
4048	"Martin"
4049	"Jacob"
4050	"Michael"
4051	"Ben"
4052	"Harvey"
4053	"Claude"
4054	"Jim"
4055	"Clyde"
4056	"Francis"
4057	"Chester"
4058	"Eugene"
4059	"Ed"
4060	"Edwin"
4061	"Raymond"
4062	"Charley"
4063	"Edgar"
4064	"Otto"
4065	"Ira"
4066	"Bert"
4067	"Jack"
4068	"Luther"
4069	"Floyd"
4070	"Lawrence"
4071	"Guy"
4072	"Hugh"
4073	"Oliver"
4074	"Isaac"
4075	"Alexander"
4076	"Ray"
4077	"Patrick"
4078	"Homer"
4079	"August"
4080	"Theodore"
4081	"Archie"
4082	"Leonard"
4083	"Leo"
4084	"Harold"
4085	"Marion"
4086	"Allen"
4087	"Anthony"
4088	"Eddie"
4089	"Jessie"
4090	"Emil"
4091	"Cleveland"
4092	"Stephen"
4093	"Warren"
4094	"Julius"
4095	"Philip"
4096	"Dave"
4097	"Horace"
4098	"Leroy"
4099	"Dan"
4100	"Willis"
4101	"Clifford"
4102	"Leon"
4103	"Milton"
4104	"Alex"
4105	"Alvin"
4106	"Sidney"
4107	"Bernard"
4108	"Calvin"
4109	"Amos"
4110	"Perry"
4111	"Everett"
4112	"Norman"
4113	"Percy"
4114	"Leslie"
4115	"Jess"
4116	"Victor"
4117	"Lester"
4118	"Lloyd"
4119	"Jerry"
4120	"Wesley"
4121	"Mack"
4122	"Gus"
4123	"Matthew"
4124	"Rufus"
4125	"Maurice"
4126	"Dennis"
4127	"Alonzo"
4128	"Jose"
4129	"Jay"
4130	"Ross"
4131	"Earnest"
4132	"Adolph"
4133	"Otis"
4134	"Russell"
4135	"Stanley"
4136	"Felix"
4137	"Wallace"
4138	"Clinton"
4139	"Gilbert"
4140	"Nathan"
4141	"Aaron"
4142	"Hiram"
4143	"Mark"
4144	"Melvin"
4145	"Noah"
4146	"Franklin"
4147	"Jake"
4148	"Roscoe"
4149	"Levi"
4150	"Owen"
4151	"Elbert"
4152	"Manuel"
4153	"Nelson"
4154	"Phillip"
4155	"Willard"
4156	"Cornelius"
4157	"Lonnie"
4158	"Marshall"
4159	"Virgil"
4160	"Fredrick"
4161	"Irvin"
4162	"Claud"
4163	"Elijah"
4164	"Simon"
4165	"Mike"
4166	"Adam"
4167	"Emmett"
4168	"Jasper"
4169	"Silas"
4170	"Bill"
4171	"Reuben"
4172	"Wilbur"
4173	"Ollie"
4174	"Pete"
4175	"Irving"
4176	"Max"
4177	"Wiley"
4178	"Morris"
4179	"Wilson"
4180	"Moses"
4181	"Rudolph"
4182	"Timothy"
4183	"Ike"
4184	"Jeff"
4185	"Cecil"
4186	"Curtis"
4187	"Ellis"
4188	"Harley"
4189	"Marvin"
4190	"Edmund"
4191	"Austin"
4192	"Clayton"
4193	"Nicholas"
4194	"Sherman"
4195	"Christopher"
4196	"Mose"
4197	"Ora"
4198	"Abraham"
4199	"Eli"
4200	"Sylvester"
4201	"Dock"
4202	"Steve"
4203	"Augustus"
4204	"Cleve"
4205	"Anton"
4206	"Harrison"
4207	"Logan"
4208	"Alva"
4209	"Barney"
4210	"Blaine"
4211	"Pearl"
4212	"Glenn"
4213	"Hubert"
4214	"Donald"
4215	"Solomon"
4216	"Gustave"
4217	"Byron"
4218	"Chris"
4219	"Marcus"
4220	"Joel"
4221	"Juan"
4222	"Millard"
4223	"Monroe"
4224	"Nathaniel"
4225	"Scott"
4226	"Andy"
4227	"Clark"
4228	"Ferdinand"
4229	"Matt"
4230	"Christian"
4231	"Lon"
4232	"Mathew"
4233	"Orville"
4234	"Bennie"
4235	"Emery"
4236	"Ervin"
4237	"Vincent"
4238	"Wade"
4239	"Bob"
4240	"Columbus"
4241	"Edd"
4242	"Vernon"
4243	"Arnold"
4244	"Conrad"
4245	"Preston"
4246	"Anderson"
4247	"Elias"
4248	"Julian"
4249	"Nick"
4250	"Don"
4251	"Glen"
4252	"Riley"
4253	"Delbert"
4254	"Johnnie"
4255	"Abe"
4256	"Emanuel"
4257	"Louie"
4258	"Arch"
4259	"Asa"
4260	"Edmond"
4261	"Ezra"
4262	"Roland"
4263	"Bud"
4264	"Grant"
4265	"Joshua"
4266	"Newton"
4267	"Tony"
4268	"Bruce"
4269	"Clifton"
4270	"Chas"
4271	"Elisha"
4272	"Gordon"
4273	"Jefferson"
4274	"Luke"
4275	"Miles"
4276	"Roger"
4277	"Burton"
4278	"Earle"
4279	"Emory"
4280	"Jeremiah"
4281	"Van"
4282	"Ward"
4283	"Cyrus"
4284	"Dick"
4285	"Douglas"
4286	"Jerome"
4287	"Lyman"
4288	"Ambrose"
4289	"Forrest"
4290	"Gustav"
4291	"Major"
4292	"Mary"
4293	"Neal"
4294	"Jonas"
4295	"Antonio"
4296	"Irwin"
4297	"Karl"
4298	"Mitchell"
4299	"Wayne"
4300	"Abner"
4301	"Forest"
4302	"Jackson"
4303	"Morgan"
4304	"Wilfred"
4305	"Benjiman"
4306	"Clay"
4307	"Clem"
4308	"Nels"
4309	"Omer"
4310	"Royal"
4311	"Sanford"
4312	"Spencer"
4313	"Green"
4314	"Lemuel"
4315	"Lucius"
4316	"Winfield"
4317	"Allan"
4318	"Enoch"
4319	"Garfield"
4320	"Lorenzo"
4321	"Loyd"
4322	"Ole"
4323	"Pedro"
4324	"Abram"
4325	"Archibald"
4326	"Berry"
4327	"Burt"
4328	"Kenneth"
4329	"Washington"
4330	"Zack"
4331	"Emile"
4332	"Johnie"
4333	"Napoleon"
4334	"Ruben"
4335	"Dee"
4336	"Fletcher"
4337	"Granville"
4338	"Isom"
4339	"Ivan"
4340	"Josh"
4341	"Lafayette"
4342	"Lynn"
4343	"Allie"
4344	"Dudley"
4345	"Elwood"
4346	"Frederic"
4347	"Hans"
4348	"Jimmie"
4349	"Pat"
4350	"Wilbert"
4351	"Emmet"
4352	"General"
4353	"Hal"
4354	"Israel"
4355	"Jason"
4356	"Jean"
4357	"Jordan"
4358	"King"
4359	"Boyd"
4360	"Carey"
4361	"Carroll"
4362	"Elza"
4363	"Freeman"
4364	"Isiah"
4365	"Laurence"
4366	"Ned"
4367	"Oren"
4368	"Francisco"
4369	"Isaiah"
4370	"Neil"
4371	"Sim"
4372	"Ulysses"
4373	"Wilber"
4374	"Arther"
4375	"Clement"
4376	"Elliott"
4377	"Evan"
4378	"Josiah"
4379	"Milo"
4380	"Myron"
4381	"Olin"
4382	"Porter"
4383	"Warner"
4384	"Wm"
4385	"Chauncey"
4386	"Dwight"
4387	"Gabriel"
4388	"Harmon"
4389	"Herschel"
4390	"Jonathan"
4391	"Judge"
4392	"Leander"
4393	"Rollie"
4394	"Seth"
4395	"Stewart"
4396	"Taylor"
4397	"Tommie"
4398	"Alphonse"
4399	"Anna"
4400	"Carlton"
4401	"Dewitt"
4402	"Fay"
4403	"Foster"
4404	"Gust"
4405	"Harris"
4406	"Lucian"
4407	"Lucious"
4408	"Madison"
4409	"Olaf"
4410	"Pink"
4411	"Raleigh"
4412	"Sterling"
4413	"Steven"
4414	"Vern"
4415	"Clarance"
4416	"Dallas"
4417	"Enos"
4418	"Gerald"
4419	"Hardy"
4420	"Hosea"
4421	"Judson"
4422	"Loren"
4423	"Merle"
4424	"Orin"
4425	"Phil"
4426	"Sid"
4427	"Simeon"
4428	"Sol"
4429	"Walker"
4430	"Wash"
4431	"West"
4432	"Al"
4433	"Aubrey"
4434	"Benton"
4435	"Billie"
4436	"Clint"
4437	"Ephriam"
4438	"Florence"
4439	"Hamilton"
4440	"Larry"
4441	"Malcolm"
4442	"Noble"
4443	"Norris"
4444	"Rollin"
4445	"Smith"
4446	"Tomas"
4447	"Valentine"
4448	"Wilmer"
4449	"Addison"
4450	"Adelbert"
4451	"Adolphus"
4452	"Alford"
4453	"Caleb"
4454	"Erwin"
4455	"Henderson"
4456	"Hugo"
4457	"Jules"
4458	"Lafe"
4459	"Lum"
4460	"Mat"
4461	"Micheal"
4462	"Murray"
4463	"Otho"
4464	"Prince"
4465	"Randolph"
4466	"Rolland"
4467	"Alton"
4468	"Avery"
4469	"Axel"
4470	"Bertram"
4471	"Dell"
4472	"Elizabeth"
4473	"Elzie"
4474	"Frances"
4475	"Fritz"
4476	"Haywood"
4477	"Issac"
4478	"Junius"
4479	"Merton"
4480	"Minor"
4481	"Orval"
4482	"Reginald"
4483	"Shelby"
4484	"Webster"
4485	"Wilford"
4486	"Angus"
4487	"Arlie"
4488	"Beverly"
4489	"Christ"
4490	"Dorsey"
4491	"Emerson"
4492	"Fate"
4493	"Garrett"
4494	"Harve"
4495	"Houston"
4496	"Johnny"
4497	"Lew"
4498	"Pierce"
4499	"Rupert"
4500	"Tim"
4501	"Truman"
4502	"Winfred"
4503	"Abel"
4504	"Bascom"
4505	"Casper"
4506	"Coleman"
4507	"Early"
4508	"Elton"
4509	"Elvin"
4510	"Ernst"
4511	"Giles"
4512	"Harlan"
4513	"Leland"
4514	"Lonzo"
4515	"Luis"
4516	"Mason"
4517	"Mervin"
4518	"Rolla"
4519	"Albin"
4520	"Bennett"
4521	"Bertie"
4522	"Buck"
4523	"Carlos"
4524	"Carson"
4525	"Carter"
4526	"Clair"
4527	"Cliff"
4528	"Dean"
4529	"Ezekiel"
4530	"Guss"
4531	"Johnson"
4532	"Jones"
4533	"Lige"
4534	"Mathias"
4535	"Orange"
4536	"Orrin"
4537	"Oswald"
4538	"Ramon"
4539	"Rex"
4540	"Rodney"
4541	"Simpson"
4542	"Sydney"
4543	"Vance"
4544	"Wilburn"
4545	"Wyatt"
4546	"Alpha"
4547	"Burley"
4548	"Clara"
4549	"Cloyd"
4550	"Doctor"
4551	"Ellsworth"
4552	"Elmo"
4553	"Ephraim"
4554	"Eric"
4555	"Garland"
4556	"Henery"
4557	"Howell"
4558	"Ivory"
4559	"Lem"
4560	"Lyle"
4561	"Mahlon"
4562	"Noel"
4563	"Orlando"
4564	"Ransom"
4565	"Rube"
4566	"Squire"
4567	"Thaddeus"
4568	"Vivian"
4569	"Aloysius"
4570	"Alvah"
4571	"Aron"
4572	"Bart"
4573	"Basil"
4574	"Bishop"
4575	"Burr"
4576	"Buster"
4577	"Cicero"
4578	"Dana"
4579	"Davis"
4580	"Dexter"
4581	"Elmore"
4582	"Gene"
4583	"Gustaf"
4584	"Heber"
4585	"Hector"
4586	"Jesus"
4587	"Jonah"
4588	"Lawson"
4589	"Lucien"
4590	"Marcellus"
4591	"Melville"
4592	"Merrill"
4593	"Milford"
4594	"Morton"
4595	"Odie"
4596	"Oral"
4597	"Pierre"
4598	"Randall"
4599	"Richmond"
4600	"Ronald"
4601	"Sandy"
4602	"Shirley"
4603	"Stuart"
4604	"Tracy"
4605	"Troy"
4606	"Watson"
4607	"Wendell"
4608	"Willam"
4609	"Williams"
4610	"Young"
4611	"Zeb"
4612	"Angelo"
4613	"Anson"
4614	"Art"
4615	"Artie"
4616	"Asbury"
4617	"Augustine"
4618	"Benjamine"
4619	"Buford"
4620	"Clare"
4621	"Crawford"
4622	"Dale"
4623	"Doc"
4624	"Dolphus"
4625	"Duncan"
4626	"Eben"
4627	"Emmitt"
4628	"Erastus"
4629	"Ethan"
4630	"Evert"
4631	"Fernando"
4632	"Finley"
4633	"Grace"
4634	"Hampton"
4635	"Hollis"
4636	"Hudson"
4637	"Joesph"
4638	"June"
4639	"Kelly"
4640	"Len"
4641	"Lenard"
4642	"Linus"
4643	"Lou"
4644	"Margaret"
4645	"Mortimer"
4646	"Reese"
4647	"Rush"
4648	"Sampson"
4649	"Seymour"
4650	"Solon"
4651	"Ted"
4652	"Terry"
4653	"Theadore"
4654	"Tillman"
4655	"Toney"
4656	"Travis"
4657	"Turner"
4658	"Wellington"
4659	"Wheeler"
4660	"Willian"
4661	"Wylie"
4662	"Adrian"
4663	"Alan"
4664	"Alois"
4665	"Bartholomew"
4666	"Benjamen"
4667	"Bertrand"
4668	"Burl"
4669	"Cary"
4670	"Colonel"
4671	"Connie"
4672	"Cora"
4673	"Cornelious"
4674	"Emma"
4675	"Ennis"
4676	"Gideon"
4677	"Godfrey"
4678	"Hezekiah"
4679	"Jens"
4680	"Julious"
4681	"Lindsay"
4682	"Lindsey"
4683	"Ludwig"
4684	"Manley"
4685	"Merritt"
4686	"Miguel"
4687	"Nellie"
4688	"Oakley"
4689	"Obie"
4690	"Octave"
4691	"Okey"
4692	"Ottis"
4693	"Pablo"
4694	"Parker"
4695	"Reed"
4696	"Rich"
4697	"Rubin"
4698	"Sanders"
4699	"Whitney"
4700	"Addie"
4701	"Almon"
4702	"Alphonso"
4703	"Alvie"
4704	"Ammon"
4705	"Arlington"
4706	"Barry"
4707	"Barton"
4708	"Baxter"
4709	"Bertha"
4710	"Byrd"
4711	"Callie"
4712	"Creed"
4713	"Donaciano"
4714	"Drew"
4715	"Festus"
4716	"Finis"
4717	"Freddie"
4718	"Furman"
4719	"Hamp"
4720	"Harlow"
4721	"Hayward"
4722	"Hershel"
4723	"Hoyt"
4724	"Huston"
4725	"Hyrum"
4726	"Ida"
4727	"Irven"
4728	"Isadore"
4729	"Ivy"
4730	"Kirk"
4731	"Lambert"
4732	"Lonie"
4733	"Loran"
4734	"Love"
4735	"Mannie"
4736	"Maxwell"
4737	"Mont"
4738	"Nat"
4739	"Newell"
4740	"Ola"
4741	"Oran"
4742	"Paris"
4743	"Perley"
4744	"Pinkney"
4745	"Rosco"
4746	"Santiago"
4747	"Son"
4748	"Sumner"
4749	"Theron"
4750	"Thurman"
4751	"Tobe"
4752	"Tobias"
4753	"Tollie"
4754	"Verne"
4755	"Vester"
4756	"Vollie"
4757	"Webb"
4758	"Wilton"
4759	"Woodie"
4760	"Woodson"
4761	"Woody"
4762	"Wright"
4763	"Adelard"
4764	"Albion"
4765	"Alcide"
4766	"Alec"
4767	"Alf"
4768	"Allison"
4769	"Alonza"
4770	"Antone"
4771	"Archer"
4772	"Asberry"
4773	"Auther"
4774	"Benjaman"
4775	"Bernhard"
4776	"Berton"
4777	"Billy"
4778	"Bird"
4779	"Bonnie"
4780	"Bruno"
4781	"Budd"
4782	"Cameron"
4783	"Catherine"
4784	"Chancy"
4785	"Collie"
4786	"Commodore"
4787	"Curley"
4788	"Curt"
4789	"Danial"
4790	"Domingo"
4791	"Ebenezer"
4792	"Egbert"
4793	"Elder"
4794	"Elie"
4795	"Eliga"
4796	"Ellwood"
4797	"Emilio"
4798	"Emmit"
4799	"Ethel"
4800	"Ewald"
4801	"Fayette"
4802	"French"
4803	"Gardner"
4804	"Gaston"
4805	"Griffin"
4806	"Guadalupe"
4807	"Hallie"
4808	"Harper"
4809	"Herb"
4810	"Hermon"
4811	"Hilliard"
4812	"Humphrey"
4813	"Isreal"
4814	"Iva"
4815	"Jarvis"
4816	"Jimmy"
4817	"Julia"
4818	"Lacy"
4819	"Levy"
4820	"Mart"
4821	"Melton"
4822	"Nickolas"
4823	"Nolan"
4824	"Odell"
4825	"Olie"
4826	"Orla"
4827	"Orley"
4828	"Otha"
4829	"Press"
4830	"Price"
4831	"Rollo"
4832	"Ruffus"
4833	"Sheldon"
4834	"Shelton"
4835	"Silvester"
4836	"Stafford"
4837	"Sullivan"
4838	"Theo"
4839	"Thornton"
4840	"Thurston"
4841	"Waldo"
4842	"Wayman"
4843	"Weldon"
4844	"Wes"
4845	"Winnie"
4846	"Worth"
4847	"Adolf"
4848	"Alden"
4849	"Algie"
4850	"Almer"
4851	"Alphonsus"
4852	"Alvis"
4853	"Ancel"
4854	"Andres"
4855	"Antoine"
4856	"Armand"
4857	"Ashley"
4858	"Author"
4859	"Bailey"
4860	"Bernie"
4861	"Booker"
4862	"Boss"
4863	"Brady"
4864	"Brooks"
4865	"Bryant"
4866	"Burke"
4867	"Burrel"
4868	"Cal"
4869	"Carleton"
4870	"Cass"
4871	"Cassius"
4872	"Chesley"
4873	"Cleo"
4874	"Cleon"
4875	"Dalton"
4876	"Delmar"
4877	"Denis"
4878	"Dillard"
4879	"Dora"
4880	"Doss"
4881	"Dozier"
4882	"Ebb"
4883	"Edna"
4884	"Elbridge"
4885	"Elden"
4886	"Eldon"
4887	"Eldridge"
4888	"Eligah"
4889	"Ella"
4890	"Ellie"
4891	"Elliot"
4892	"Elroy"
4893	"Elva"
4894	"Emit"
4895	"Fulton"
4896	"Geo"
4897	"Gerhard"
4898	"Gottlieb"
4899	"Graham"
4900	"Handy"
4901	"Helmer"
4902	"Hill"
4903	"Hillard"
4904	"Hjalmer"
4905	"Hubbard"
4906	"Hunter"
4907	"Hurley"
4908	"Ignatz"
4909	"Isham"
4910	"Jarrett"
4911	"Jewel"
4912	"Joeseph"
4913	"Jule"
4914	"Juluis"
4915	"Junious"
4916	"Justin"
4917	"Justus"
4918	"Kelley"
4919	"Landon"
4920	"Larkin"
4921	"Lawyer"
4922	"Lillian"
4923	"Linwood"
4924	"Lionel"
4925	"Lorenza"
4926	"Malcom"
4927	"Marlin"
4928	"Maude"
4929	"Miller"
4930	"Miner"
4931	"Moody"
4932	"Myrtle"
4933	"Namon"
4934	"Newt"
4935	"Ocie"
4936	"Oda"
4937	"Odin"
4938	"Odis"
4939	"Oley"
4940	"Omar"
4941	"Orie"
4942	"Orson"
4943	"Osborn"
4944	"Osie"
4945	"Ossie"
4946	"Palmer"
4947	"Percival"
4948	"Pleasant"
4949	"Prentice"
4950	"Purl"
4951	"Reece"
4952	"Roby"
4953	"Sarah"
4954	"Seaborn"
4955	"Shep"
4956	"Simmie"
4957	"Spurgeon"
4958	"Stanislaus"
4959	"Thad"
4960	"Tilman"
4961	"Titus"
4962	"Tommy"
4963	"Urban"
4964	"Vander"
4965	"Vicente"
4966	"Watt"
4967	"Whit"
4968	"Wilhelm"
4969	"Zollie"
4970	"Abb"
4971	"Ace"
4972	"Aden"
4973	"Ah"
4974	"Aleck"
4975	"Almond"
4976	"Alpheus"
4977	"Alvy"
4978	"Bayard"
4979	"Bedford"
4980	"Bee"
4981	"Beecher"
4982	"Benny"
4983	"Bessie"
4984	"Birt"
4985	"Blain"
4986	"Blair"
4987	"Boston"
4988	"Bowman"
4989	"Bunk"
4990	"Burgess"
4991	"Burrell"
4992	"Butler"
4993	"Carol"
4994	"Carrie"
4995	"Chalmers"
4996	"Charly"
4997	"Chin"
4998	"Clell"
4999	"Cody"
5000	"John"
5001	"William"
5002	"James"
5003	"George"
5004	"Charles"
5005	"Frank"
5006	"Joseph"
5007	"Henry"
5008	"Robert"
5009	"Thomas"
5010	"Edward"
5011	"Harry"
5012	"Walter"
5013	"Fred"
5014	"Arthur"
5015	"Albert"
5016	"Clarence"
5017	"Samuel"
5018	"Louis"
5019	"Grover"
5020	"Ernest"
5021	"David"
5022	"Charlie"
5023	"Roy"
5024	"Joe"
5025	"Richard"
5026	"Will"
5027	"Oscar"
5028	"Willie"
5029	"Andrew"
5030	"Jesse"
5031	"Daniel"
5032	"Peter"
5033	"Carl"
5034	"Sam"
5035	"Earl"
5036	"Frederick"
5037	"Benjamin"
5038	"Alfred"
5039	"Elmer"
5040	"Howard"
5041	"Lewis"
5042	"Paul"
5043	"Ralph"
5044	"Herbert"
5045	"Jim"
5046	"Michael"
5047	"Tom"
5048	"Martin"
5049	"Lee"
5050	"Eugene"
5051	"Claude"
5052	"Jacob"
5053	"Ed"
5054	"Herman"
5055	"Francis"
5056	"Clyde"
5057	"Raymond"
5058	"Harvey"
5059	"Edgar"
5060	"Jack"
5061	"Ben"
5062	"Edwin"
5063	"Lawrence"
5064	"Charley"
5065	"Bert"
5066	"Chester"
5067	"Guy"
5068	"Otto"
5069	"Floyd"
5070	"Luther"
5071	"Oliver"
5072	"Hugh"
5073	"Ray"
5074	"Ira"
5075	"Homer"
5076	"Patrick"
5077	"Alexander"
5078	"Leonard"
5079	"Isaac"
5080	"Jessie"
5081	"Harold"
5082	"Leo"
5083	"Theodore"
5084	"Archie"
5085	"August"
5086	"Allen"
5087	"Sidney"
5088	"Philip"
5089	"Leroy"
5090	"Bernard"
5091	"Alex"
5092	"Stephen"
5093	"Horace"
5094	"Anthony"
5095	"Warren"
5096	"Julius"
5097	"Cleveland"
5098	"Leon"
5099	"Victor"
5100	"Eddie"
5101	"Lester"
5102	"Marion"
5103	"Clifford"
5104	"Emil"
5105	"Willis"
5106	"Milton"
5107	"Dan"
5108	"Dave"
5109	"Everett"
5110	"Alvin"
5111	"Leslie"
5112	"Earnest"
5113	"Calvin"
5114	"Jess"
5115	"Norman"
5116	"Rufus"
5117	"Franklin"
5118	"Jerry"
5119	"Perry"
5120	"Amos"
5121	"Dennis"
5122	"Jose"
5123	"Matthew"
5124	"Melvin"
5125	"Lloyd"
5126	"Ross"
5127	"Wesley"
5128	"Wallace"
5129	"Alonzo"
5130	"Mack"
5131	"Nathan"
5132	"Adolph"
5133	"Emmett"
5134	"Jake"
5135	"Morris"
5136	"Percy"
5137	"Roscoe"
5138	"Claud"
5139	"Stanley"
5140	"Adam"
5141	"Cornelius"
5142	"Maurice"
5143	"Willard"
5144	"Russell"
5145	"Elbert"
5146	"Hiram"
5147	"Wilbur"
5148	"Irvin"
5149	"Jay"
5150	"Manuel"
5151	"Otis"
5152	"Aaron"
5153	"Cecil"
5154	"Gus"
5155	"Jasper"
5156	"Phillip"
5157	"Abraham"
5158	"Mike"
5159	"Nelson"
5160	"Simon"
5161	"Clinton"
5162	"Elijah"
5163	"Sylvester"
5164	"Virgil"
5165	"Felix"
5166	"Levi"
5167	"Orville"
5168	"Ellis"
5169	"Irving"
5170	"Marshall"
5171	"Gilbert"
5172	"Ollie"
5173	"Noah"
5174	"Wiley"
5175	"Anton"
5176	"Lonnie"
5177	"Mark"
5178	"Moses"
5179	"Silas"
5180	"Hubert"
5181	"Reuben"
5182	"Christopher"
5183	"Johnnie"
5184	"Max"
5185	"Vernon"
5186	"Curtis"
5187	"Owen"
5188	"Rudolph"
5189	"Augustus"
5190	"Cleve"
5191	"Clayton"
5192	"Edmund"
5193	"Glenn"
5194	"Bill"
5195	"Nicholas"
5196	"Marvin"
5197	"Sherman"
5198	"Timothy"
5199	"Jeff"
5200	"Millard"
5201	"Fredrick"
5202	"Newton"
5203	"Elias"
5204	"Steve"
5205	"Dock"
5206	"Grant"
5207	"Wilson"
5208	"Ora"
5209	"Riley"
5210	"Solomon"
5211	"Pearl"
5212	"Bruce"
5213	"Eli"
5214	"Joel"
5215	"Pete"
5216	"Andy"
5217	"Christian"
5218	"Gustave"
5219	"Austin"
5220	"Clifton"
5221	"Juan"
5222	"Monroe"
5223	"Nathaniel"
5224	"Wade"
5225	"Jerome"
5226	"Bob"
5227	"Miles"
5228	"Scott"
5229	"Bennie"
5230	"Edd"
5231	"Harley"
5232	"Chris"
5233	"Luke"
5234	"Mose"
5235	"Julian"
5236	"Gordon"
5237	"Preston"
5238	"Roland"
5239	"Vincent"
5240	"Abe"
5241	"Donald"
5242	"Alva"
5243	"Byron"
5244	"Clark"
5245	"Glen"
5246	"Harrison"
5247	"Bud"
5248	"Karl"
5249	"Marcus"
5250	"Asa"
5251	"Barney"
5252	"Enoch"
5253	"Joshua"
5254	"Louie"
5255	"Anderson"
5256	"Delbert"
5257	"Columbus"
5258	"Emery"
5259	"Ike"
5260	"Kenneth"
5261	"Matt"
5262	"Boyd"
5263	"Cyrus"
5264	"Jeremiah"
5265	"Conrad"
5266	"Lucius"
5267	"Elisha"
5268	"Jefferson"
5269	"Lon"
5270	"Mary"
5271	"Nick"
5272	"Van"
5273	"Chas"
5274	"Major"
5275	"Wilfred"
5276	"Edmond"
5277	"Ferdinand"
5278	"Forrest"
5279	"General"
5280	"Porter"
5281	"Don"
5282	"Ervin"
5283	"Clem"
5284	"Emory"
5285	"Garfield"
5286	"Hugo"
5287	"Mathew"
5288	"Seth"
5289	"Arnold"
5290	"Hans"
5291	"Johnie"
5292	"Laurence"
5293	"Neal"
5294	"Tony"
5295	"Ulysses"
5296	"Winfield"
5297	"Abner"
5298	"Ambrose"
5299	"Burton"
5300	"Emanuel"
5301	"Frederic"
5302	"Green"
5303	"Logan"
5304	"Lemuel"
5305	"Ole"
5306	"Arch"
5307	"Douglas"
5308	"Dwight"
5309	"Forest"
5310	"Jonathan"
5311	"Alton"
5312	"Isaiah"
5313	"Jackson"
5314	"Lyman"
5315	"Mitchell"
5316	"Vern"
5317	"Carlos"
5318	"Dee"
5319	"Dudley"
5320	"Elwood"
5321	"Francisco"
5322	"Gustav"
5323	"Royal"
5324	"Ruben"
5325	"Smith"
5326	"Antonio"
5327	"Dick"
5328	"Freeman"
5329	"Lorenzo"
5330	"Roger"
5331	"Benjiman"
5332	"Carroll"
5333	"Erwin"
5334	"Isiah"
5335	"Ivan"
5336	"Merle"
5337	"Morgan"
5338	"Napoleon"
5339	"Ned"
5340	"Neil"
5341	"Sol"
5342	"Taylor"
5343	"Alphonse"
5344	"Archibald"
5345	"Chauncey"
5346	"Dale"
5347	"Foster"
5348	"Jimmie"
5349	"King"
5350	"Lucian"
5351	"Lynn"
5352	"Pink"
5353	"Sydney"
5354	"Adolphus"
5355	"Berry"
5356	"Enos"
5357	"Ezra"
5358	"Fletcher"
5359	"Hosea"
5360	"Loyd"
5361	"Wayne"
5362	"Wilbert"
5363	"Alvah"
5364	"Christ"
5365	"Earle"
5366	"Evan"
5367	"Gerald"
5368	"Granville"
5369	"Jonas"
5370	"Josh"
5371	"Lafayette"
5372	"Leland"
5373	"Pat"
5374	"Pedro"
5375	"Spencer"
5376	"Walker"
5377	"Ward"
5378	"Wm"
5379	"Arther"
5380	"Casper"
5381	"Israel"
5382	"Raleigh"
5383	"Sanford"
5384	"Sim"
5385	"Stewart"
5386	"Wilber"
5387	"Davis"
5388	"Johnny"
5389	"Milo"
5390	"Murray"
5391	"Myron"
5392	"Olaf"
5393	"Prince"
5394	"Randolph"
5395	"Rollie"
5396	"Steven"
5397	"Washington"
5398	"Anna"
5399	"Blaine"
5400	"Burt"
5401	"Dallas"
5402	"Emmet"
5403	"Gene"
5404	"Loren"
5405	"Madison"
5406	"Nels"
5407	"Orin"
5408	"Wilford"
5409	"Zack"
5410	"Allan"
5411	"Allie"
5412	"Bertram"
5413	"Clint"
5414	"Dewitt"
5415	"Emile"
5416	"Ernst"
5417	"Harmon"
5418	"Larry"
5419	"Merritt"
5420	"Sandy"
5421	"Bryant"
5422	"Buck"
5423	"Carlton"
5424	"Clay"
5425	"Elmore"
5426	"Fay"
5427	"Guss"
5428	"Judson"
5429	"Lem"
5430	"Lew"
5431	"Olin"
5432	"Omer"
5433	"Otho"
5434	"Ramon"
5435	"Sterling"
5436	"Troy"
5437	"Wash"
5438	"Abram"
5439	"Addison"
5440	"Al"
5441	"Burl"
5442	"Cary"
5443	"Coleman"
5444	"Elzie"
5445	"Emerson"
5446	"Fritz"
5447	"Gerhard"
5448	"Isom"
5449	"Issac"
5450	"Jean"
5451	"Jordan"
5452	"Josiah"
5453	"Noble"
5454	"Orval"
5455	"Rex"
5456	"Shirley"
5457	"Tomas"
5458	"Truman"
5459	"Waldo"
5460	"Warner"
5461	"Adelbert"
5462	"Albin"
5463	"Axel"
5464	"Caleb"
5465	"Ellsworth"
5466	"Eric"
5467	"Jason"
5468	"Jonah"
5469	"Judge"
5470	"Leander"
5471	"Lenard"
5472	"Lige"
5473	"Orlando"
5474	"Pablo"
5475	"Reginald"
5476	"Tim"
5477	"Valentine"
5478	"Wilmer"
5479	"Aloysius"
5480	"Bartholomew"
5481	"Benjaman"
5482	"Billie"
5483	"Cicero"
5484	"Early"
5485	"Elza"
5486	"Erastus"
5487	"Giles"
5488	"Gust"
5489	"Hal"
5490	"Hardy"
5491	"Kelly"
5492	"Mason"
5493	"Nat"
5494	"Omar"
5495	"Pierce"
5496	"Verne"
5497	"Angus"
5498	"Antone"
5499	"Basil"
5500	"Bennett"
5501	"Buster"
5502	"Clair"
5503	"Cliff"
5504	"Dell"
5505	"Dolphus"
5506	"Duncan"
5507	"Elmo"
5508	"Emma"
5509	"Harris"
5510	"Jesus"
5511	"Kirby"
5512	"Lamar"
5513	"Len"
5514	"Lucien"
5515	"Malcolm"
5516	"Oren"
5517	"Phil"
5518	"Thaddeus"
5519	"Webster"
5520	"Ashley"
5521	"Bertha"
5522	"Beverly"
5523	"Carey"
5524	"Elliott"
5525	"Ethel"
5526	"Everette"
5527	"Evert"
5528	"Gideon"
5529	"Hayes"
5530	"Henderson"
5531	"Henery"
5532	"Houston"
5533	"Johnson"
5534	"Jones"
5535	"Jules"
5536	"Lou"
5537	"Lyle"
5538	"Mat"
5539	"Mathias"
5540	"Pleasant"
5541	"Rodney"
5542	"Stuart"
5543	"Turner"
5544	"Wilburn"
5545	"Wylie"
5546	"Adrian"
5547	"Alpha"
5548	"Augustine"
5549	"Avery"
5550	"Benedict"
5551	"Bishop"
5552	"Brown"
5553	"Butler"
5554	"Cyril"
5555	"Doc"
5556	"Elvin"
5557	"Florence"
5558	"Frances"
5559	"Garland"
5560	"Heber"
5561	"Helmer"
5562	"Irwin"
5563	"Lacy"
5564	"Lawson"
5565	"Lonzo"
5566	"Merton"
5567	"Mervin"
5568	"Mont"
5569	"Norris"
5570	"Perley"
5571	"Ransom"
5572	"Santiago"
5573	"Tommie"
5574	"Tracy"
5575	"Vance"
5576	"Alan"
5577	"Alford"
5578	"Aron"
5579	"Artie"
5580	"Aubrey"
5581	"Bertie"
5582	"Brooks"
5583	"Colonel"
5584	"Dean"
5585	"Emmitt"
5586	"Ephraim"
5587	"Freddie"
5588	"Gabriel"
5589	"Junius"
5590	"Lincoln"
5591	"Lucious"
5592	"Luis"
5593	"Marcellus"
5594	"Margaret"
5595	"Micheal"
5596	"Mortimer"
5597	"Price"
5598	"Rolla"
5599	"Rowland"
5600	"Rupert"
5601	"Saul"
5602	"Travis"
5603	"Wellington"
5604	"Williams"
5605	"Allison"
5606	"Alma"
5607	"Almon"
5608	"Ashby"
5609	"Bart"
5610	"Benton"
5611	"Birt"
5612	"Byrd"
5613	"Carter"
5614	"Ewing"
5615	"Ezekiel"
5616	"Godfrey"
5617	"Harlan"
5618	"Haywood"
5619	"Herschel"
5620	"Hunter"
5621	"Isadore"
5622	"Lafe"
5623	"Larkin"
5624	"Melville"
5625	"Merrill"
5626	"Miguel"
5627	"Octave"
5628	"Olen"
5629	"Orrin"
5630	"Quincy"
5631	"Seymour"
5632	"Shelby"
5633	"Simeon"
5634	"Ted"
5635	"Thad"
5636	"Tobe"
5637	"West"
5638	"Worley"
5639	"Young"
5640	"Alec"
5641	"Alice"
5642	"Angelo"
5643	"Annie"
5644	"Anson"
5645	"Arley"
5646	"Arlie"
5647	"Art"
5648	"Benny"
5649	"Bradley"
5650	"Budd"
5651	"Cap"
5652	"Carleton"
5653	"Carson"
5654	"Clement"
5655	"Dana"
5656	"Dayton"
5657	"Denis"
5658	"Eldon"
5659	"Elige"
5660	"Elizabeth"
5661	"Fernando"
5662	"Finis"
5663	"Ford"
5664	"Garrett"
5665	"Hampton"
5666	"Harper"
5667	"Harvy"
5668	"Hector"
5669	"Hezekiah"
5670	"Hollis"
5671	"Jodie"
5672	"Jule"
5673	"Justin"
5674	"Kirk"
5675	"Leopold"
5676	"Lowell"
5677	"Manley"
5678	"Milford"
5679	"Minor"
5680	"Nicolas"
5681	"Okey"
5682	"Pierre"
5683	"Pleas"
5684	"Reece"
5685	"Richmond"
5686	"Rome"
5687	"Rose"
5688	"Rubin"
5689	"Terence"
5690	"Terry"
5691	"Tillman"
5692	"Tolbert"
5693	"Toney"
5694	"Wendell"
5695	"Willam"
5696	"Winfred"
5697	"Wright"
5698	"Wyatt"
5699	"Alonza"
5700	"Alvie"
5701	"Andres"
5702	"Barry"
5703	"Barton"
5704	"Baxter"
5705	"Billy"
5706	"Brice"
5707	"Burley"
5708	"Burr"
5709	"Campbell"
5710	"Claire"
5711	"Clare"
5712	"Cleo"
5713	"Cooper"
5714	"Coy"
5715	"Crawford"
5716	"Dalton"
5717	"Danial"
5718	"Dorsey"
5719	"Earley"
5720	"Egbert"
5721	"Eldridge"
5722	"Elzy"
5723	"Fate"
5724	"Ferd"
5725	"Fielding"
5726	"Finley"
5727	"Gaston"
5728	"Gertrude"
5729	"Guadalupe"
5730	"Hamilton"
5731	"Harve"
5732	"Hermon"
5733	"Howell"
5734	"Ivory"
5735	"June"
5736	"Lemon"
5737	"Levy"
5738	"Llewellyn"
5739	"Ludwig"
5740	"Matthias"
5741	"Maxwell"
5742	"Miller"
5743	"Morton"
5744	"Noel"
5745	"Nora"
5746	"Norton"
5747	"Orange"
5748	"Palmer"
5749	"Park"
5750	"Reese"
5751	"Roderick"
5752	"Rolland"
5753	"Sampson"
5754	"Sanders"
5755	"Shelton"
5756	"Spurgeon"
5757	"Sumner"
5758	"Theo"
5759	"Thurman"
5760	"Verner"
5761	"Wayman"
5762	"Webb"
5763	"Wilton"
5764	"Adolf"
5765	"Alois"
5766	"Bailey"
5767	"Bascom"
5768	"Benjamine"
5769	"Bessie"
5770	"Bonnie"
5771	"Brady"
5772	"Bruno"
5773	"Burney"
5774	"Burrell"
5775	"Cassius"
5776	"Clemens"
5777	"Cloyd"
5778	"Connie"
5779	"Cornelious"
5780	"Davie"
5781	"Dillard"
5782	"Earlie"
5783	"Elie"
5784	"Ellen"
5785	"Enrique"
5786	"Ephriam"
5787	"Epifanio"
5788	"Erick"
5789	"Essie"
5790	"Eustace"
5791	"Fayette"
5792	"Garner"
5793	"Gary"
5794	"Gee"
5795	"Geo"
5796	"Glover"
5797	"Hallie"
5798	"Hamp"
5799	"Hosteen"
5800	"Hyrum"
5801	"Isidor"
5802	"Julia"
5803	"Junior"
5804	"Junious"
5805	"Lark"
5806	"Laurance"
5807	"Leigh"
5808	"Lindsey"
5809	"Love"
5810	"Lum"
5811	"Mabel"
5812	"Malachi"
5813	"Marshal"
5814	"Newell"
5815	"Newt"
5816	"Obie"
5817	"Odie"
5818	"Orley"
5819	"Ossie"
5820	"Percival"
5821	"Purl"
5822	"Roman"
5823	"Sarah"
5824	"Shade"
5825	"Soloman"
5826	"Squire"
5827	"Starling"
5828	"Tommy"
5829	"Unknown"
5830	"Vernie"
5831	"Watt"
5832	"Wilhelm"
5833	"Wong"
5834	"Woodie"
5835	"Ab"
5836	"Abel"
5837	"Algie"
5838	"Almond"
5839	"Alpheus"
5840	"Antoine"
5841	"Asbury"
5842	"Asher"
5843	"Authur"
5844	"Berton"
5845	"Braxton"
5846	"Burnett"
5847	"Chancy"
5848	"Chesley"
5849	"Clara"
5850	"Cleave"
5851	"Clell"
5852	"Colin"
5853	"Colon"
5854	"Constantine"
5855	"Curt"
5856	"Delmar"
5857	"Dempsey"
5858	"Dennie"
5859	"Dominic"
5860	"Dominick"
5861	"Eben"
5862	"Eber"
5863	"Eliga"
5864	"Ella"
5865	"Ellie"
5866	"Emiliano"
5867	"Ernie"
5868	"Fleet"
5869	"Fleming"
5870	"Franklyn"
5871	"Garnett"
5872	"Hayden"
5873	"Helen"
5874	"Hervey"
5875	"Hobart"
5876	"Holly"
5877	"Hoyt"
5878	"Ida"
5879	"Ivey"
5880	"Josephine"
5881	"Josephus"
5882	"Justus"
5883	"Lambert"
5884	"Laverne"
5885	"Lillard"
5886	"Lillie"
5887	"Lim"
5888	"Lindsay"
5889	"Linton"
5890	"Lonie"
5891	"Lucas"
5892	"Mahlon"
5893	"Mannie"
5894	"Mart"
5895	"Math"
5896	"Maude"
5897	"Merlin"
5898	"Milan"
5899	"Mills"
5900	"Minnie"
5901	"Nellie"
5902	"Newman"
5903	"Nim"
5904	"Norbert"
5905	"North"
5906	"Orla"
5907	"Orland"
5908	"Orlo"
5909	"Orson"
5910	"Orvis"
5911	"Osborne"
5912	"Ottis"
5913	"Paris"
5914	"Parker"
5915	"Ples"
5916	"Rafael"
5917	"Reason"
5918	"Reed"
5919	"Rob"
5920	"Roe"
5921	"Rogers"
5922	"Rube"
5923	"Shannon"
5924	"Stacy"
5925	"Stonewall"
5926	"Sylvanus"
5927	"Theophile"
5928	"Thos"
5929	"Virge"
5930	"Vivian"
5931	"Watson"
5932	"Wheeler"
5933	"Zenas"
5934	"Zollie"
5935	"Ada"
5936	"Albion"
5937	"Alcide"
5938	"Alden"
5939	"Alejandro"
5940	"Alf"
5941	"Ammon"
5942	"Ancel"
5943	"Archer"
5944	"Armand"
5945	"Atha"
5946	"Audie"
5947	"Ballard"
5948	"Bee"
5949	"Bernie"
5950	"Bertrand"
5951	"Blair"
5952	"Boyce"
5953	"Bradford"
5954	"Brent"
5955	"Burdette"
5956	"Cal"
5957	"Cameron"
5958	"Carrie"
5959	"Cash"
5960	"Chancey"
5961	"Chase"
5962	"Clarance"
5963	"Claus"
5964	"Cleon"
5965	"Clive"
5966	"Collins"
5967	"Conley"
5968	"Cora"
5969	"Courtney"
5970	"Cris"
5971	"Dawson"
5972	"Delmer"
5973	"Dexter"
5974	"Doctor"
5975	"Domingo"
5976	"Drury"
5977	"Duane"
5978	"Ebb"
5979	"Edith"
5980	"Elon"
5981	"Elsie"
5982	"Erle"
5983	"Estevan"
5984	"Evans"
5985	"Ewell"
5986	"Festus"
5987	"Fitzhugh"
5988	"Fount"
5989	"Fredric"
5990	"French"
5991	"Gabe"
5992	"Gaines"
5993	"Garry"
5994	"Gaylord"
5995	"Grace"
5996	"Graham"
5997	"Gray"
5998	"Gregory"
5999	"Griffin"
6000	"John"
6001	"William"
6002	"James"
6003	"George"
6004	"Charles"
6005	"Frank"
6006	"Joseph"
6007	"Robert"
6008	"Henry"
6009	"Thomas"
6010	"Edward"
6011	"Harry"
6012	"Walter"
6013	"Arthur"
6014	"Fred"
6015	"Albert"
6016	"Clarence"
6017	"Samuel"
6018	"Louis"
6019	"Roy"
6020	"Joe"
6021	"Charlie"
6022	"Richard"
6023	"David"
6024	"Ernest"
6025	"Oscar"
6026	"Will"
6027	"Willie"
6028	"Andrew"
6029	"Jesse"
6030	"Earl"
6031	"Carl"
6032	"Daniel"
6033	"Sam"
6034	"Elmer"
6035	"Alfred"
6036	"Howard"
6037	"Paul"
6038	"Benjamin"
6039	"Frederick"
6040	"Ralph"
6041	"Peter"
6042	"Lewis"
6043	"Herman"
6044	"Grover"
6045	"Herbert"
6046	"Lee"
6047	"Claude"
6048	"Jim"
6049	"Tom"
6050	"Eugene"
6051	"Raymond"
6052	"Michael"
6053	"Jacob"
6054	"Francis"
6055	"Ben"
6056	"Lawrence"
6057	"Martin"
6058	"Edwin"
6059	"Harvey"
6060	"Edgar"
6061	"Clyde"
6062	"Ed"
6063	"Jack"
6064	"Chester"
6065	"Floyd"
6066	"Ray"
6067	"Otto"
6068	"Theodore"
6069	"Guy"
6070	"Luther"
6071	"Patrick"
6072	"Leo"
6073	"Leonard"
6074	"Oliver"
6075	"Bert"
6076	"Hugh"
6077	"Harold"
6078	"Isaac"
6079	"Homer"
6080	"Charley"
6081	"Allen"
6082	"Alexander"
6083	"August"
6084	"Ira"
6085	"Eddie"
6086	"Philip"
6087	"Marion"
6088	"Jessie"
6089	"Stephen"
6090	"Bernard"
6091	"Archie"
6092	"Anthony"
6093	"Julius"
6094	"Clifford"
6095	"Alex"
6096	"Norman"
6097	"Lester"
6098	"Horace"
6099	"Leroy"
6100	"Sidney"
6101	"Dan"
6102	"Everett"
6103	"Willis"
6104	"Victor"
6105	"Milton"
6106	"Lloyd"
6107	"Warren"
6108	"Leon"
6109	"Perry"
6110	"Jess"
6111	"Dave"
6112	"Rufus"
6113	"Leslie"
6114	"Nathan"
6115	"Emil"
6116	"Franklin"
6117	"Jerry"
6118	"Percy"
6119	"Amos"
6120	"Wesley"
6121	"Russell"
6122	"Alvin"
6123	"Matthew"
6124	"Calvin"
6125	"Jay"
6126	"Ross"
6127	"Alonzo"
6128	"Mark"
6129	"Wilbur"
6130	"Earnest"
6131	"Marshall"
6132	"Wallace"
6133	"Adam"
6134	"Gus"
6135	"Glenn"
6136	"Otis"
6137	"Dennis"
6138	"Levi"
6139	"Mack"
6140	"Maurice"
6141	"Simon"
6142	"Claud"
6143	"Morris"
6144	"Adolph"
6145	"Cornelius"
6146	"Jake"
6147	"Stanley"
6148	"Elbert"
6149	"Emmett"
6150	"Phillip"
6151	"Elijah"
6152	"Felix"
6153	"Gilbert"
6154	"Marvin"
6155	"Noah"
6156	"Jasper"
6157	"Lonnie"
6158	"Roscoe"
6159	"Cleveland"
6160	"Aaron"
6161	"Clinton"
6162	"Ellis"
6163	"Jose"
6164	"Nicholas"
6165	"Mike"
6166	"Moses"
6167	"Cecil"
6168	"Melvin"
6169	"Owen"
6170	"Reuben"
6171	"Ollie"
6172	"Edmund"
6173	"Willard"
6174	"Virgil"
6175	"Nelson"
6176	"Abraham"
6177	"Harrison"
6178	"Silas"
6179	"Fredrick"
6180	"Timothy"
6181	"Clayton"
6182	"Harley"
6183	"Max"
6184	"Monroe"
6185	"Pearl"
6186	"Sylvester"
6187	"Vernon"
6188	"Curtis"
6189	"Irvin"
6190	"Wilson"
6191	"Manuel"
6192	"Steve"
6193	"Dock"
6194	"Grant"
6195	"Juan"
6196	"Mose"
6197	"Rudolph"
6198	"Johnnie"
6199	"Bob"
6200	"Christopher"
6201	"Eli"
6202	"Newton"
6203	"Sherman"
6204	"Barney"
6205	"Alva"
6206	"Austin"
6207	"Bill"
6208	"Gordon"
6209	"Jeff"
6210	"Ora"
6211	"Orville"
6212	"Anton"
6213	"Chris"
6214	"Don"
6215	"Edd"
6216	"Hubert"
6217	"Wade"
6218	"Irving"
6219	"Cyrus"
6220	"Nathaniel"
6221	"Augustus"
6222	"Lon"
6223	"Donald"
6224	"Millard"
6225	"Columbus"
6226	"Forrest"
6227	"Bruce"
6228	"Joshua"
6229	"Roland"
6230	"Pete"
6231	"Hiram"
6232	"Asa"
6233	"Byron"
6234	"Abe"
6235	"Conrad"
6236	"Edmond"
6237	"Enoch"
6238	"Jerome"
6239	"Julian"
6240	"Luke"
6241	"Vincent"
6242	"Andy"
6243	"Clark"
6244	"Glen"
6245	"Joel"
6246	"Wiley"
6247	"Ike"
6248	"Karl"
6249	"Mathew"
6250	"Nick"
6251	"Earle"
6252	"Emanuel"
6253	"Green"
6254	"Solomon"
6255	"Emery"
6256	"Forest"
6257	"Jackson"
6258	"Bennie"
6259	"Boyd"
6260	"Laurence"
6261	"Clifton"
6262	"Scott"
6263	"Arnold"
6264	"Elias"
6265	"Van"
6266	"Chas"
6267	"Ferdinand"
6268	"Jeremiah"
6269	"Neal"
6270	"Ruben"
6271	"Ezra"
6272	"Kenneth"
6273	"Marcus"
6274	"Riley"
6275	"Fletcher"
6276	"Garfield"
6277	"Gustave"
6278	"Ulysses"
6279	"Emory"
6280	"Jimmie"
6281	"Lemuel"
6282	"Cleve"
6283	"Louie"
6284	"Miles"
6285	"Omer"
6286	"Preston"
6287	"Burton"
6288	"Dewitt"
6289	"Douglas"
6290	"Elisha"
6291	"Isaiah"
6292	"Ned"
6293	"Anderson"
6294	"Ivan"
6295	"Jefferson"
6296	"Lyman"
6297	"Bud"
6298	"Christian"
6299	"Tommie"
6300	"Antonio"
6301	"Arch"
6302	"Ervin"
6303	"Gustav"
6304	"Mary"
6305	"Morgan"
6306	"Napoleon"
6307	"Roger"
6308	"Elwood"
6309	"Major"
6310	"Ambrose"
6311	"Archibald"
6312	"Delbert"
6313	"Johnie"
6314	"Logan"
6315	"Lucius"
6316	"Josh"
6317	"Spencer"
6318	"Tony"
6319	"Walker"
6320	"Clay"
6321	"Gerald"
6322	"Myron"
6323	"Ole"
6324	"Al"
6325	"Lafayette"
6326	"Leland"
6327	"Matt"
6328	"Sandy"
6329	"Stewart"
6330	"Wilfred"
6331	"Clement"
6332	"Dee"
6333	"Hardy"
6334	"Rex"
6335	"Allan"
6336	"Axel"
6337	"Carroll"
6338	"Clem"
6339	"Dallas"
6340	"Emile"
6341	"Fay"
6342	"Lorenzo"
6343	"Lynn"
6344	"Malcolm"
6345	"Ward"
6346	"Winfield"
6347	"Dudley"
6348	"Emmet"
6349	"Gust"
6350	"Houston"
6351	"Milo"
6352	"Mitchell"
6353	"Neil"
6354	"Pedro"
6355	"Porter"
6356	"Benjiman"
6357	"Cliff"
6358	"Dick"
6359	"General"
6360	"Johnny"
6361	"King"
6362	"Larry"
6363	"Oren"
6364	"Pat"
6365	"Raleigh"
6366	"Seth"
6367	"Wayne"
6368	"Carlton"
6369	"Casper"
6370	"Elliott"
6371	"Erwin"
6372	"Foster"
6373	"Isiah"
6374	"Loren"
6375	"Merle"
6376	"Pink"
6377	"Prince"
6378	"Randolph"
6379	"Sim"
6380	"Taylor"
6381	"Vern"
6382	"Allie"
6383	"Burl"
6384	"Chauncey"
6385	"Freeman"
6386	"Isom"
6387	"Jason"
6388	"Josiah"
6389	"Judson"
6390	"Lem"
6391	"Loyd"
6392	"Otho"
6393	"Pierce"
6394	"Washington"
6395	"West"
6396	"Clair"
6397	"Hans"
6398	"Jonas"
6399	"Judge"
6400	"Steven"
6401	"Tomas"
6402	"Adolphus"
6403	"Burt"
6404	"Elza"
6405	"Garland"
6406	"Granville"
6407	"Harris"
6408	"Herschel"
6409	"Hugo"
6410	"Jonathan"
6411	"Lawson"
6412	"Murray"
6413	"Royal"
6414	"Troy"
6415	"Wilmer"
6416	"Abner"
6417	"Abram"
6418	"Davis"
6419	"Hal"
6420	"Harmon"
6421	"Irwin"
6422	"Lucian"
6423	"Mason"
6424	"Minor"
6425	"Phil"
6426	"Rolla"
6427	"Rollie"
6428	"Verne"
6429	"Warner"
6430	"Adrian"
6431	"Alford"
6432	"Buster"
6433	"Dale"
6434	"Dwight"
6435	"Early"
6436	"Emerson"
6437	"Ezekiel"
6438	"Hamilton"
6439	"Hosea"
6440	"Israel"
6441	"Leander"
6442	"Lucious"
6443	"Madison"
6444	"Olaf"
6445	"Shirley"
6446	"Stuart"
6447	"Thornton"
6448	"Webster"
6449	"Wilbert"
6450	"Abel"
6451	"Addison"
6452	"Alphonse"
6453	"Alton"
6454	"Arther"
6455	"Carlos"
6456	"Christ"
6457	"Emmitt"
6458	"Garrett"
6459	"Geo"
6460	"Henderson"
6461	"Kelly"
6462	"Lindsey"
6463	"Milford"
6464	"Oswald"
6465	"Sanford"
6466	"Smith"
6467	"Thad"
6468	"Valentine"
6469	"Alonza"
6470	"Angus"
6471	"Anna"
6472	"Berry"
6473	"Carter"
6474	"Clara"
6475	"Clint"
6476	"Crawford"
6477	"Dean"
6478	"Elvin"
6479	"Emmit"
6480	"Enos"
6481	"Florence"
6482	"Francisco"
6483	"Ivy"
6484	"Nels"
6485	"Orval"
6486	"Reginald"